"Time_step","Pressure"
0,-55.6071
50,-190.7796
100,36.0722
150,-220.6074
200,-127.4939
250,9.9384
300,-98.6096
350,-288.9166
400,290.7109
450,46.7604
500,-285.8133
550,-225.4774
600,-48.1455
650,-172.2051
700,-123.326
750,284.3488
800,-149.2715
850,21.6279
900,229.327
950,12.4955
1000,33.731
1050,120.2748
1100,15.7758
1150,47.104
1200,12.86
1250,-33.3004
1300,399.2827
1350,92.9238
1400,-141.3654
1450,275.3766
1500,-238.5947
1550,-59.939
1600,-191.8532
1650,113.1765
1700,157.357
1750,-305.5827
1800,-213.5899
1850,172.2254
1900,188.2421
1950,-13.071
2000,195.7385
2050,-59.5799
2100,-35.057
2150,-34.1552
2200,43.2378
2250,-383.2506
2300,-75.1948
2350,36.1496
2400,-248.3551
2450,-179.0762
2500,235.9045
2550,-141.1323
2600,-319.5895
2650,440.1035
2700,-362.3434
2750,-465.932
2800,1.8836
2850,34.0399
2900,-107.1305
2950,-141.3981
3000,58.6718
3050,110.4351
3100,-150.3107
3150,-358.0132
3200,252.0426
3250,-158.1808
3300,318.6011
3350,-578.3678
3400,94.1322
3450,-14.2694
3500,340.3468
3550,94.1378
3600,196.6329
3650,-4.8329
3700,-311.6214
3750,-107.3557
3800,181.9695
3850,-174.6941
3900,37.876
3950,95.303
4000,275.4471
4050,122.8284
4100,148.2241
4150,-34.9906
4200,-93.7342
4250,299.932
4300,31.6702
4350,-142.2168
4400,48.5734
4450,-236.1063
4500,-56.7269
4550,-261.6447
4600,129.5025
4650,130.4918
4700,93.9173
4750,135.0675
4800,373.1011
4850,-41.5873
4900,-232.2994
4950,-218.3363
5000,-186.3351
5050,-213.9464
5100,352.2117
5150,147.8956
5200,-78.9167
5250,166.8337
5300,-72.6061
5350,-127.9719
5400,126.4759
5450,-230.248
5500,-45.1742
5550,-17.5522
5600,-335.2215
5650,82.1307
5700,-171.9239
5750,-37.707
5800,191.9954
5850,-334.8495
5900,-32.0499
5950,-285.5543
6000,-111.6875
6050,-155.7132
6100,-300.6422
6150,-15.7512
6200,-81.1371
6250,473.8168
6300,-30.5918
6350,90.7482
6400,-185.5767
6450,-303.1416
6500,166.4866
6550,93.1765
6600,-268.323
6650,-42.1791
6700,305.2656
6750,-95.7291
6800,-61.0927
6850,47.4908
6900,-180.3922
6950,233.9068
7000,87.4468
7050,219.0749
7100,-212.4466
7150,122.8952
7200,-30.1815
7250,17.3561
7300,-30.8033
7350,217.2745
7400,83.1524
7450,-240.2108
7500,321.128
7550,-124.6133
7600,272.1971
7650,23.7164
7700,156.2341
7750,-147.2321
7800,-43.9385
7850,213.5782
7900,148.93
7950,-237.644
8000,130.3811
8050,-77.7033
8100,96.4833
8150,43.9425
8200,-253.7913
8250,100.4379
8300,211.6985
8350,89.4455
8400,107.5303
8450,94.8709
8500,-343.3471
8550,145.975
8600,49.5745
8650,-268.0116
8700,99.7401
8750,-613.9184
8800,223.0422
8850,-298.3633
8900,-44.0461
8950,223.6561
9000,42.0052
9050,-5.9878
9100,21.6757
9150,-138.6724
9200,160.7329
9250,117.0962
9300,43.5623
9350,-304.7826
9400,138.0667
9450,192.1391
9500,-13.7934
9550,-70.365
9600,162.9407
9650,15.0968
9700,-1.6841
9750,44.6742
9800,253.1494
9850,-165.9851
9900,-4.9758
9950,-131.5227
10000,17.2899
10050,-187.4252
10100,-57.2804
10150,153.4882
10200,65.4464
10250,89.0222
10300,-283.3156
10350,285.129
10400,-481.5731
10450,-55.4313
10500,135.3286
10550,83.7982
10600,-28.8235
10650,-53.7959
10700,25.6079
10750,-175.9805
10800,211.8777
10850,329.9838
10900,72.7286
10950,179.7941
11000,310.9462
11050,-180.0714
11100,355.8958
11150,153.0245
11200,-37.3649
11250,113.7307
11300,-109.9727
11350,132.0772
11400,-43.372
11450,-157.5354
11500,-89.9227
11550,246.8372
11600,196.1753
11650,-2.3612
11700,-220.76
11750,265.2611
11800,224.2297
11850,144.9369
11900,-136.6169
11950,-272.0914
12000,236.5327
12050,-335.4885
12100,275.2374
12150,20.7973
12200,62.9276
12250,-3.466
12300,-298.6752
12350,-156.4774
12400,-84.0726
12450,93.0446
12500,89.3545
12550,150.0458
12600,-95.1921
12650,88.4953
12700,-184.6978
12750,21.7287
12800,-200.1736
12850,-85.2343
12900,58.6579
12950,23.5107
13000,-33.3024
13050,51.9708
13100,-65.2768
13150,-9.6563
13200,60.5316
13250,286.8046
13300,186.7296
13350,-113.0114
13400,51.0665
13450,-300.5911
13500,239.6403
13550,-174.7344
13600,210.89
13650,-381.6955
13700,-177.5127
13750,90.9374
13800,-11.1932
13850,-214.1677
13900,-196.011
13950,151.2213
14000,-257.3342
14050,-187.2273
14100,-34.9101
14150,141.7814
14200,-98.3082
14250,-21.5373
14300,-392.5043
14350,-183.3917
14400,-68.2117
14450,102.0188
14500,172.3
14550,32.4132
14600,120.7426
14650,-56.1711
14700,2.2124
14750,-265.8164
14800,-7.1169
14850,278.6531
14900,-45.516
14950,-291.278
15000,76.0417
15050,-140.0092
15100,-97.1884
15150,-22.2581
15200,162.4301
15250,188.3313
15300,-132.6255
15350,-30.487
15400,19.0172
15450,-216.401
15500,248.5984
15550,45.4077
15600,246.1321
15650,-371.4794
15700,-284.8099
15750,-143.0902
15800,-188.3672
15850,-109.0618
15900,-84.6546
15950,262.9675
16000,52.022
16050,-3.222
16100,118.8251
16150,1.199
16200,154.0596
16250,-123.6309
16300,73.9826
16350,115.0864
16400,21.3792
16450,-325.5867
16500,15.7004
16550,115.1534
16600,117.2642
16650,69.4705
16700,-276.1524
16750,-171.0343
16800,167.4843
16850,40.7001
16900,-349.8485
16950,-276.2793
17000,9.2629
17050,-106.5746
17100,94.719
17150,48.9591
17200,-274.3237
17250,-254.3836
17300,0.8351
17350,-114.8881
17400,-285.9571
17450,-97.4121
17500,-143.7036
17550,-14.6256
17600,86.2417
17650,27.115
17700,-13.7559
17750,-301.8139
17800,195.8069
17850,26.1352
17900,-63.8452
17950,50.7786
18000,-162.3215
18050,131.9215
18100,126.0455
18150,-267.4765
18200,137.8689
18250,-104.5558
18300,-17.0831
18350,207.8781
18400,-12.4926
18450,162.8278
18500,-100.7384
18550,176.9979
18600,-115.4883
18650,179.8719
18700,257.2624
18750,-115.1165
18800,281.1626
18850,-200.9461
18900,-12.4909
18950,-139.8712
19000,-136.0434
19050,143.9471
19100,138.9977
19150,-190.6242
19200,-17.5585
19250,-53.9755
19300,-244.388
19350,76.0259
19400,46.8127
19450,-410.8965
19500,170.0499
19550,76.725
19600,-108.6689
19650,-273.9549
19700,87.1744
19750,-26.3234
19800,-173.0689
19850,-163.8543
19900,-92.8687
19950,-49.6183
20000,234.5841
20050,-319.7981
20100,-323.7723
20150,-111.7992
20200,-179.5048
20250,-400.9601
20300,-228.6948
20350,-95.6839
20400,93.0595
20450,-281.5741
20500,15.5585
20550,-8.8274
20600,41.075
20650,234.108
20700,-60.6093
20750,-2.8202
20800,-122.5602
20850,-97.3387
20900,-46.5649
20950,-75.9413
21000,-207.4148
21050,241.7861
21100,213.229
21150,347.1082
21200,-315.5451
21250,-83.3919
21300,-118.1335
21350,-229.8799
21400,197.5423
21450,325.884
21500,-246.9922
21550,-105.9869
21600,305.1277
21650,-218.8778
21700,-100.0849
21750,-124.0573
21800,48.3723
21850,58.3457
21900,-245.9154
21950,-103.1232
22000,28.4017
22050,91.8195
22100,2.2921
22150,194.2703
22200,-368.4065
22250,490.2927
22300,58.0586
22350,-74.5151
22400,131.3686
22450,-158.3247
22500,-236.9421
22550,-271.7308
22600,-116.6272
22650,-188.2102
22700,-223.3094
22750,-108.6059
22800,-275.4068
22850,-394.0639
22900,-84.7749
22950,79.2775
23000,-119.0635
23050,-150.1888
23100,-33.9042
23150,57.9899
23200,359.5316
23250,-141.7404
23300,58.6961
23350,73.861
23400,53.1489
23450,-69.8878
23500,22.6007
23550,-48.7737
23600,-163.2506
23650,158.6815
23700,-138.0097
23750,-14.3125
23800,44.0749
23850,-2.4943
23900,11.0753
23950,-399.6675
24000,-333.6083
24050,148.1041
24100,-101.4746
24150,-50.2277
24200,25.4427
24250,196.0276
24300,-172.028
24350,292.9282
24400,36.988
24450,31.1591
24500,-125.1979
24550,-146.4249
24600,-79.6763
24650,318.3618
24700,131.4671
24750,-123.3645
24800,-141.0043
24850,215.6347
24900,-191.3392
24950,-134.494
25000,24.5779
25050,1.8379
25100,83.182
25150,-168.7215
25200,-267.2211
25250,172.6296
25300,-97.318
25350,213.5885
25400,392.0014
25450,179.5484
25500,-130.1793
25550,-4.4752
25600,-163.9627
25650,-179.2237
25700,-229.7345
25750,179.141
25800,-207.373
25850,-48.3895
25900,-211.2687
25950,-151.9315
26000,-46.0603
26050,-106.906
26100,-172.4095
26150,32.8955
26200,-157.5634
26250,113.1529
26300,-301.6446
26350,-275.9635
26400,55.4382
26450,-208.6784
26500,-423.5232
26550,132.9016
26600,-197.5371
26650,62.6727
26700,-54.136
26750,-272.9726
26800,-64.735
26850,42.2637
26900,66.1375
26950,-80.9031
27000,-202.3492
27050,111.9828
27100,-172.2114
27150,113.4422
27200,160.8971
27250,-71.9899
27300,-171.4442
27350,435.4807
27400,80.9644
27450,-282.9513
27500,-67.078
27550,264.4802
27600,-268.8788
27650,144.1915
27700,216.1389
27750,-126.6171
27800,-128.9774
27850,507.4999
27900,-131.7484
27950,26.4012
28000,303.5311
28050,-312.105
28100,71.6611
28150,-61.4478
28200,-118.2159
28250,69.1517
28300,281.3089
28350,-154.0936
28400,-82.2845
28450,-102.5539
28500,306.3421
28550,-240.1307
28600,-241.7389
28650,157.0841
28700,51.194
28750,4.2894
28800,31.5427
28850,-57.0752
28900,42.5097
28950,-154.8094
29000,28.9526
29050,161.8051
29100,-62.4905
29150,-228.5705
29200,-41.2452
29250,133.5407
29300,-61.967
29350,106.6637
29400,-75.6539
29450,161.9953
29500,54.8397
29550,-459.9232
29600,84.7196
29650,-77.3122
29700,76.5861
29750,-69.3404
29800,-331.4199
29850,-94.6745
29900,24.5874
29950,278.23
30000,190.0294
30050,-26.0907
30100,214.6224
30150,-164.4935
30200,-103.7339
30250,2.0249
30300,173.8237
30350,-404.6848
30400,246.8147
30450,-159.3563
30500,-109.6104
30550,70.7114
30600,-49.1013
30650,-17.5434
30700,-66.7583
30750,-21.4527
30800,-121.3402
30850,68.7818
30900,-141.9733
30950,111.5722
31000,127.5467
31050,-324.7258
31100,-251.3039
31150,56.8792
31200,88.2191
31250,-316.5294
31300,-120.4548
31350,0.7851
31400,-50.5523
31450,-102.8686
31500,-218.9773
31550,25.6866
31600,143.5086
31650,-97.6747
31700,-60.9375
31750,-72.2462
31800,-330.2675
31850,-56.3421
31900,-77.6256
31950,-177.5795
32000,38.507
32050,-359.3069
32100,-69.6646
32150,217.6233
32200,-206.2177
32250,70.0691
32300,-114.7606
32350,101.7395
32400,-97.1788
32450,253.8983
32500,-50.8375
32550,-245.1307
32600,23.5674
32650,230.1
32700,64.935
32750,-313.0217
32800,-181.2143
32850,-92.8599
32900,-223.7096
32950,-29.9651
33000,-9.4131
33050,195.1325
33100,-65.9209
33150,-252.2942
33200,-61.1456
33250,-351.2939
33300,80.3816
33350,-329.3303
33400,-197.3423
33450,273.7466
33500,-86.235
33550,-446.37
33600,56.2428
33650,-69.3458
33700,101.8344
33750,81.0902
33800,168.8455
33850,74.0411
33900,189.2784
33950,-80.7282
34000,436.6991
34050,35.1569
34100,38.6194
34150,116.647
34200,397.7225
34250,-412.9197
34300,-181.9004
34350,7.4512
34400,-10.2097
34450,-69.0704
34500,-415.6001
34550,401.5646
34600,-33.2176
34650,-64.2173
34700,1.4376
34750,-208.6842
34800,-179.7965
34850,-164.7738
34900,86.9857
34950,-111.5369
35000,38.7391
35050,-255.5524
35100,30.4885
35150,248.8825
35200,-19.2132
35250,-138.9904
35300,-386.7818
35350,175.9392
35400,-398.6073
35450,-28.7386
35500,-249.4445
35550,-87.953
35600,-40.616
35650,-248.3973
35700,77.9798
35750,-45.8927
35800,163.0674
35850,53.8723
35900,114.7187
35950,-550.5445
36000,37.8951
36050,-0.9291
36100,-223.0944
36150,-86.7648
36200,83.0406
36250,14.3719
36300,-61.3009
36350,-72.5178
36400,222.9018
36450,-103.8353
36500,186.1203
36550,58.595
36600,-130.5182
36650,-211.3672
36700,120.8333
36750,337.6665
36800,-196.2902
36850,-322.0691
36900,-14.7196
36950,-230.4191
37000,143.9463
37050,-248.0198
37100,158.1032
37150,105.6232
37200,-356.1995
37250,-163.1888
37300,16.1979
37350,240.7246
37400,225.0377
37450,-61.6782
37500,228.2609
37550,22.0682
37600,-95.8286
37650,-31.5449
37700,-121.8841
37750,-164.0071
37800,-205.8207
37850,109.3264
37900,-236.3578
37950,-139.5993
38000,-144.0134
38050,-13.3588
38100,-71.9417
38150,-129.9594
38200,-25.1119
38250,-343.2558
38300,-174.5396
38350,-256.2985
38400,-231.5725
38450,-152.3286
38500,-55.3777
38550,-22.6164
38600,118.0082
38650,-51.423
38700,157.3705
38750,-124.8322
38800,105.3315
38850,-225.3692
38900,100.3008
38950,-117.3302
39000,259.6128
39050,-265.7982
39100,-159.2668
39150,-33.1641
39200,-186.5961
39250,-85.0985
39300,68.357
39350,169.2859
39400,-327.3093
39450,-506.9062
39500,361.4645
39550,-118.0169
39600,7.4323
39650,181.2491
39700,82.368
39750,-11.3901
39800,80.1089
39850,13.3229
39900,289.9319
39950,-352.3441
40000,-3.2144
40050,158.4977
40100,-165.1205
40150,-146.5954
40200,-211.8095
40250,60.7525
40300,17.9234
40350,175.4444
40400,223.393
40450,-6.1677
40500,-101.0652
40550,41.665
40600,-149.8203
40650,48.5269
40700,35.619
40750,-50.4323
40800,48.4296
40850,-264.9517
40900,-79.1214
40950,-319.9481
41000,-44.2472
41050,55.2315
41100,-163.2424
41150,-45.3603
41200,23.7444
41250,-63.6075
41300,18.3369
41350,-16.6845
41400,-156.9713
41450,-134.1356
41500,129.7254
41550,80.6969
41600,-110.4227
41650,5.9883
41700,-1.3952
41750,-66.7546
41800,240.0624
41850,54.2698
41900,-59.812
41950,223.6267
42000,264.2504
42050,195.6897
42100,-82.6676
42150,-190.1257
42200,264.9544
42250,-42.1206
42300,94.7381
42350,-8.1185
42400,-70.3284
42450,-221.9676
42500,-61.7471
42550,-220.3615
42600,126.3921
42650,442.8278
42700,-435.8765
42750,-137.5299
42800,-125.0689
42850,-10.1473
42900,388.1697
42950,320.5859
43000,167.114
43050,148.7069
43100,-7.9272
43150,-34.39
43200,-81.218
43250,96.0885
43300,216.5646
43350,-386.6804
43400,112.9339
43450,269.3226
43500,-121.5723
43550,-162.1828
43600,-86.6757
43650,2.9779
43700,56.1813
43750,-99.0362
43800,413.7858
43850,40.8518
43900,133.8952
43950,-229.6275
44000,-80.6365
44050,39.65
44100,-478.6033
44150,-376.2532
44200,123.152
44250,-261.6346
44300,-238.3481
44350,106.8965
44400,-117.0981
44450,357.1147
44500,-60.9216
44550,30.8065
44600,-481.6991
44650,-73.9098
44700,266.7424
44750,46.4994
44800,81.4986
44850,40.8648
44900,125.3691
44950,107.5991
45000,-185.9712
45050,30.2888
45100,317.0468
45150,198.5429
45200,-75.3434
45250,99.733
45300,-285.4035
45350,153.0158
45400,-129.8713
45450,-186.3165
45500,210.5173
45550,9.461
45600,-57.7127
45650,-102.2218
45700,16.7455
45750,140.2563
45800,-69.4621
45850,-394.095
45900,105.9678
45950,14.2587
46000,63.1163
46050,-86.5355
46100,-155.6026
46150,-270.1167
46200,-261.1708
46250,-82.3924
46300,-19.1326
46350,-156.5919
46400,219.5012
46450,-130.099
46500,249.8115
46550,60.0844
46600,-164.1423
46650,157.4345
46700,-110.9553
46750,-16.3692
46800,459.0122
46850,-98.3379
46900,-41.2663
46950,-74.524
47000,-111.3558
47050,22.6293
47100,24.8106
47150,-125.6474
47200,33.6257
47250,-36.0042
47300,-47.5162
47350,316.2865
47400,-2.1361
47450,-170.631
47500,-58.2183
47550,26.678
47600,307.9275
47650,189.6924
47700,-389.6135
47750,249.7715
47800,58.9391
47850,-367.8812
47900,291.6441
47950,-197.5754
48000,-261.1108
48050,-554.4544
48100,-71.1077
48150,16.5279
48200,33.7074
48250,-77.6927
48300,-139.7867
48350,245.9723
48400,55.707
48450,-0.1678
48500,-63.1423
48550,-20.5367
48600,40.5692
48650,-185.5402
48700,11.5666
48750,-116.2226
48800,177.7852
48850,141.9063
48900,60.6639
48950,-190.0784
49000,25.8869
49050,-209.7129
49100,12.7997
49150,-331.7974
49200,390.7294
49250,-140.4774
49300,55.4175
49350,54.1446
49400,-98.4364
49450,-120.6317
49500,-98.5696
49550,159.571
49600,-68.1896
49650,40.2438
49700,87.2183
49750,-223.9707
49800,50.8539
49850,28.3889
49900,-333.8405
49950,164.3483
50000,92.549
50050,60.4395
50100,-108.6729
50150,-308.227
50200,47.0454
50250,-310.0185
50300,312.1932
50350,-4.0872
50400,-266.2744
50450,38.2733
50500,4.9244
50550,129.7993
50600,-62.783
50650,-149.2255
50700,349.712
50750,-304.2781
50800,-1.1911
50850,334.8212
50900,-199.3736
50950,-95.3941
51000,5.5478
51050,20.8966
51100,-134.6753
51150,-64.9494
51200,187.7552
51250,-12.484
51300,300.0573
51350,-311.4767
51400,405.4971
51450,45.046
51500,194.8597
51550,12.7799
51600,-135.5908
51650,-163.6459
51700,317.359
51750,133.595
51800,47.0228
51850,-272.7343
51900,293.6902
51950,-141.3518
52000,259.9978
52050,5.8622
52100,67.9702
52150,-302.0298
52200,122.1817
52250,34.6848
52300,-298.3766
52350,135.061
52400,-51.5681
52450,-129.5179
52500,283.5708
52550,-260.3921
52600,-283.5392
52650,-149.6067
52700,-181.8044
52750,-15.5343
52800,139.1454
52850,-60.6847
52900,5.0829
52950,-310.2876
53000,-50.1196
53050,336.3132
53100,107.6271
53150,103.3507
53200,96.7423
53250,-230.3069
53300,-199.7206
53350,54.9756
53400,-212.1316
53450,-190.4468
53500,-158.2239
53550,178.7304
53600,320.7497
53650,-268.9347
53700,-70.5792
53750,-59.6071
53800,157.8601
53850,91.644
53900,-65.7203
53950,-207.8718
54000,-26.6241
54050,62.9385
54100,-405.3924
54150,315.951
54200,-150.6343
54250,-126.4809
54300,37.5498
54350,90.7312
54400,-114.7872
54450,7.0455
54500,-167.0226
54550,9.534
54600,-200.9367
54650,-132.3112
54700,-31.2144
54750,18.9234
54800,-58.772
54850,-132.054
54900,-307.1733
54950,194.4245
55000,80.4886
55050,35.6452
55100,-132.965
55150,3.199
55200,-244.8728
55250,-330.3345
55300,84.2342
55350,67.5835
55400,101.2211
55450,10.7543
55500,10.6489
55550,-32.6227
55600,-77.8528
55650,159.1679
55700,153.2328
55750,-263.3968
55800,-139.076
55850,-46.0426
55900,194.3324
55950,-187.205
56000,-100.828
56050,240.9836
56100,-49.4657
56150,-57.5787
56200,-236.6338
56250,58.774
56300,48.7611
56350,256.5331
56400,-296.2681
56450,331.6675
56500,223.1491
56550,-347.7947
56600,-150.0405
56650,211.2082
56700,-26.185
56750,183.9238
56800,-142.9362
56850,230.507
56900,-181.7271
56950,-14.5434
57000,-107.4113
57050,-106.7083
57100,-223.7172
57150,-216.6232
57200,-42.1927
57250,-68.5863
57300,93.5786
57350,-232.6068
57400,140.1606
57450,-228.5831
57500,187.2818
57550,347.0899
57600,323.9381
57650,-84.6138
57700,-134.0155
57750,263.9059
57800,131.3277
57850,48.9903
57900,132.017
57950,364.4906
58000,-92.6042
58050,-62.883
58100,-270.6793
58150,42.1586
58200,258.5811
58250,-216.1608
58300,-42.7563
58350,72.9463
58400,-71.5476
58450,-142.6455
58500,29.0839
58550,-41.5976
58600,-159.9191
58650,45.0841
58700,-80.7557
58750,48.344
58800,-80.5231
58850,-186.3943
58900,7.1492
58950,-564.859
59000,26.3888
59050,99.4362
59100,46.1111
59150,-163.0987
59200,-1.5613
59250,-16.1766
59300,26.8608
59350,306.9046
59400,-301.0532
59450,46.5794
59500,-286.145
59550,189.3612
59600,-129.1892
59650,72.2052
59700,-194.3702
59750,-14.8184
59800,180.7262
59850,94.4776
59900,302.4868
59950,42.8863
60000,-424.4415
60050,262.3489
60100,38.5174
60150,-296.292
60200,388.4118
60250,192.322
60300,38.6104
60350,294.3297
60400,-419.6314
60450,-477.2779
60500,-11.1205
60550,185.997
60600,112.2414
60650,-79.0824
60700,163.9184
60750,89.4006
60800,327.9865
60850,-237.9905
60900,120.9711
60950,141.8333
61000,45.0637
61050,-239.2702
61100,-29.4081
61150,66.9202
61200,-177.3509
61250,144.3005
61300,-27.9811
61350,-169.2512
61400,53.637
61450,599.4341
61500,-59.2649
61550,97.2094
61600,-20.3449
61650,194.4882
61700,283.2356
61750,26.0878
61800,115.8822
61850,-6.2534
61900,38.2836
61950,-279.1555
62000,393.2633
62050,307.3586
62100,-128.5592
62150,-154.494
62200,53.7584
62250,133.289
62300,-93.3179
62350,-449.2949
62400,111.9116
62450,171.9748
62500,-439.5159
62550,232.5701
62600,-275.5847
62650,139.7527
62700,-131.9483
62750,229.6028
62800,-262.4494
62850,216.3395
62900,80.2482
62950,-258.1389
63000,-200.8887
63050,-26.3
63100,-8.7832
63150,219.759
63200,-58.4538
63250,39.7845
63300,-228.2668
63350,87.6915
63400,-37.8023
63450,167.2218
63500,-116.2316
63550,240.1424
63600,154.3425
63650,-22.7958
63700,-44.2311
63750,175.2022
63800,-204.0698
63850,191.9378
63900,-170.5259
63950,849.9297
64000,-113.0574
64050,64.8778
64100,36.0949
64150,101.5123
64200,219.6173
64250,78.4744
64300,4.6819
64350,187.5744
64400,-165.2494
64450,182.629
64500,115.9995
64550,42.387
64600,25.6345
64650,-149.3255
64700,126.6403
64750,6.8486
64800,95.3255
64850,-47.2004
64900,-58.5737
64950,-41.5218
65000,-160.0291
65050,-92.6952
65100,-54.1174
65150,232.8564
65200,80.5509
65250,117.7706
65300,-100.3458
65350,-256.0445
65400,-166.5122
65450,64.5271
65500,-52.6657
65550,-133.4088
65600,112.579
65650,128.459
65700,60.2483
65750,482.152
65800,-269.3302
65850,-435.4661
65900,390.5314
65950,158.9558
66000,53.6424
66050,-116.8141
66100,300.8349
66150,114.9124
66200,93.096
66250,-15.4116
66300,199.5837
66350,97.6941
66400,109.1845
66450,62.0432
66500,71.9716
66550,-112.9164
66600,0.3521
66650,147.2842
66700,-64.3803
66750,74.3977
66800,85.6102
66850,-58.1086
66900,-136.571
66950,-224.3967
67000,320.2098
67050,-26.2129
67100,162.4379
67150,-34.2295
67200,49.3228
67250,-98.2237
67300,33.3348
67350,-363.5601
67400,293.55
67450,158.3795
67500,-65.798
67550,-326.4435
67600,172.9149
67650,172.2392
67700,127.3003
67750,-52.3856
67800,-33.8773
67850,39.9894
67900,17.4402
67950,-64.3828
68000,-78.0987
68050,232.579
68100,33.285
68150,147.9972
68200,-241.1528
68250,159.5017
68300,-44.0087
68350,14.6185
68400,-150.248
68450,159.2623
68500,-19.5249
68550,-157.7557
68600,-194.6263
68650,39.1052
68700,-286.3272
68750,30.6086
68800,-92.4087
68850,432.223
68900,-122.0605
68950,108.5144
69000,116.8061
69050,-340.775
69100,185.3387
69150,-303.606
69200,34.3015
69250,-123.671
69300,-80.3727
69350,-123.6689
69400,71.4275
69450,281.4817
69500,-206.2981
69550,-163.8966
69600,244.1995
69650,-323.9808
69700,-294.8154
69750,68.9823
69800,-126.3163
69850,-254.2895
69900,26.6297
69950,-396.2786
70000,-87.3519
70050,-248.2014
70100,33.2011
70150,71.2805
70200,-39.3769
70250,214.8983
70300,-308.1668
70350,-162.9491
70400,-136.9292
70450,21.7493
70500,-258.8422
70550,221.6959
70600,-137.8111
70650,-272.1259
70700,11.592
70750,33.1145
70800,-176.0816
70850,-68.2489
70900,247.2388
70950,293.9651
71000,-48.3593
71050,-185.5624
71100,-69.4666
71150,-128.8355
71200,-79.483
71250,-38.9644
71300,-201.6576
71350,-211.249
71400,-80.2985
71450,55.7675
71500,117.4982
71550,141.1523
71600,-118.118
71650,-284.5368
71700,-2.4885
71750,-94.2132
71800,22.6413
71850,361.3661
71900,111.4355
71950,-392.0412
72000,-230.5583
72050,94.4795
72100,-272.9776
72150,-118.8469
72200,-214.7951
72250,65.4184
72300,-59.2188
72350,-123.4066
72400,168.1612
72450,-325.8528
72500,164.1034
72550,-364.787
72600,-108.8741
72650,153.3614
72700,-201.1898
72750,-161.1985
72800,208.119
72850,-298.5076
72900,-406.2425
72950,110.1773
73000,-189.661
73050,162.1148
73100,160.8408
73150,-131.1023
73200,257.76
73250,150.0552
73300,60.6674
73350,-290.911
73400,-241.5469
73450,4.1392
73500,-157.7088
73550,-6.0788
73600,-391.0082
73650,-25.361
73700,186.61
73750,-328.0071
73800,-83.5662
73850,-108.0298
73900,-339.7737
73950,-46.8696
74000,-192.6972
74050,73.4674
74100,-162.2516
74150,-343.4281
74200,60.3761
74250,-85.5379
74300,110.2318
74350,-96.5266
74400,92.0574
74450,23.8657
74500,98.2718
74550,-275.3084
74600,123.6165
74650,99.2283
74700,-113.7591
74750,-432.4749
74800,-106.2996
74850,424.2911
74900,18.5606
74950,-150.7836
75000,-29.6397
75050,28.6666
75100,226.4691
75150,-242.1776
75200,-127.2413
75250,-134.6179
75300,-135.1213
75350,-84.264
75400,-19.0356
75450,-369.9411
75500,-52.6409
75550,-17.7951
75600,105.17
75650,-4.4505
75700,-316.7815
75750,236.6023
75800,216.1491
75850,249.3081
75900,-32.0702
75950,-288.547
76000,-83.706
76050,-334.7504
76100,55.1281
76150,167.887
76200,65.2745
76250,159.7455
76300,70.7534
76350,-108.7448
76400,99.5388
76450,88.343
76500,235.9639
76550,1.0079
76600,296.5846
76650,-61.5602
76700,-65.1413
76750,78.6618
76800,-159.0263
76850,-100.4899
76900,129.8594
76950,-50.6815
77000,129.9968
77050,-204.0609
77100,-231.6747
77150,363.6973
77200,-238.4782
77250,-18.4868
77300,-271.7159
77350,115.5744
77400,75.6884
77450,-246.3596
77500,-399.4691
77550,-37.7636
77600,-125.9918
77650,-138.4617
77700,53.68
77750,-477.0815
77800,68.8748
77850,-456.7136
77900,-308.1004
77950,4.1378
78000,-60.3663
78050,283.8765
78100,-273.535
78150,-200.724
78200,-204.988
78250,139.2585
78300,-154.972
78350,-168.9313
78400,143.4905
78450,-351.3656
78500,-216.2394
78550,24.9373
78600,29.5326
78650,-138.0511
78700,-86.7217
78750,-9.8517
78800,-44.2976
78850,-112.5262
78900,182.2021
78950,-40.4975
79000,-24.7865
79050,-171.2658
79100,-370.0135
79150,60.7452
79200,-159.9107
79250,-369.1776
79300,-64.8369
79350,-394.5298
79400,-90.7694
79450,181.6546
79500,146.3043
79550,-238.1058
79600,148.9472
79650,-126.9339
79700,-367.0204
79750,-118.1972
79800,-83.7759
79850,-60.9033
79900,145.1989
79950,106.8896
80000,-497.0506
80050,-155.006
80100,139.031
80150,-231.198
80200,-314.4704
80250,156.4241
80300,-233.787
80350,244.7494
80400,-14.9137
80450,106.6417
80500,-335.6108
80550,-160.9186
80600,61.3146
80650,-333.6849
80700,-93.6359
80750,-79.709
80800,161.6386
80850,287.3215
80900,-331.0261
80950,-85.0481
81000,234.8982
81050,325.3833
81100,-444.3781
81150,-287.672
81200,-210.6555
81250,-228.6691
81300,-69.2651
81350,0.1796
81400,-85.9761
81450,-299.1674
81500,-65.5763
81550,-86.2211
81600,-5.221
81650,-132.3837
81700,-111.935
81750,419.9799
81800,61.0671
81850,-116.6277
81900,93.6617
81950,-26.391
82000,-173.0214
82050,-83.8204
82100,90.0549
82150,116.2136
82200,-58.0947
82250,-10.022
82300,134.212
82350,290.9743
82400,38.128
82450,-61.4886
82500,-235.1505
82550,-88.976
82600,44.1885
82650,-10.7978
82700,-114.296
82750,59.3848
82800,226.2896
82850,309.6657
82900,135.7421
82950,-80.4736
83000,272.7419
83050,-204.5368
83100,141.7193
83150,-236.2309
83200,-118.1546
83250,-321.717
83300,-74.1427
83350,-49.6767
83400,339.5795
83450,32.2954
83500,16.1352
83550,157.69
83600,-37.0579
83650,-38.442
83700,-72.1008
83750,29.8126
83800,-89.8069
83850,92.0926
83900,-86.7837
83950,-145.7589
84000,37.7814
84050,20.9961
84100,-321.8679
84150,84.2745
84200,128.2042
84250,-168.7875
84300,-197.2598
84350,-139.1009
84400,193.0704
84450,-50.2002
84500,101.652
84550,-181.0142
84600,-72.6637
84650,-128.9525
84700,-222.2691
84750,50.1338
84800,98.8604
84850,-240.9614
84900,-82.8187
84950,271.5493
85000,-171.8139
85050,-78.8921
85100,73.8207
85150,-80.958
85200,-90.9219
85250,-220.9489
85300,-11.0276
85350,-53.5869
85400,59.4207
85450,10.0879
85500,38.6537
85550,64.24
85600,221.3007
85650,52.9387
85700,-50.3263
85750,-221.5999
85800,43.1336
85850,-6.3378
85900,-249.449
85950,-212.8167
86000,-132.0094
86050,-111.8151
86100,5.4161
86150,-15.8255
86200,50.3519
86250,-133.4857
86300,-2.3688
86350,382.7891
86400,-144.39
86450,211.2147
86500,14.1154
86550,-4.1438
86600,-132.5861
86650,182.1358
86700,63.6255
86750,121.0838
86800,-71.2002
86850,-407.0852
86900,-106.7185
86950,182.4974
87000,-219.1355
87050,54.7771
87100,-173.504
87150,17.6034
87200,77.2339
87250,-35.8508
87300,-196.4593
87350,315.3074
87400,-10.72
87450,96.2641
87500,228.1331
87550,-89.6794
87600,-229.7763
87650,117.1596
87700,50.836
87750,-74.4852
87800,97.602
87850,161.1339
87900,-145.3127
87950,-57.213
88000,114.1332
88050,-149.1884
88100,100.0613
88150,-179.9494
88200,24.1328
88250,-111.0429
88300,13.8519
88350,251.5218
88400,4.5526
88450,-52.2866
88500,-379.9018
88550,140.1841
88600,-155.3275
88650,172.2677
88700,-25.0604
88750,292.6241
88800,-67.9814
88850,138.9723
88900,46.4982
88950,238.2898
89000,-121.7023
89050,-43.6049
89100,-17.8637
89150,85.1264
89200,-21.3891
89250,-40.3291
89300,-82.05
89350,-81.956
89400,4.0386
89450,336.4307
89500,-194.0603
89550,-521.4038
89600,-38.7745
89650,-196.2184
89700,-114.8883
89750,-21.9271
89800,-63.8639
89850,-538.8456
89900,4.956
89950,-427.7065
90000,168.5397
90050,86.9117
90100,-25.5892
90150,35.4432
90200,-77.4577
90250,29.1268
90300,-147.9218
90350,-273.6323
90400,23.6679
90450,97.2819
90500,-129.2158
90550,124.8176
90600,-18.3209
90650,-33.1446
90700,-57.5863
90750,362.18
90800,-259.7282
90850,95.6495
90900,137.5998
90950,34.1067
91000,486.0536
91050,52.7519
91100,189.1046
91150,-56.4771
91200,-74.748
91250,-26.2631
91300,-308.0646
91350,-301.1858
91400,116.9536
91450,-50.5462
91500,107.7004
91550,-228.7041
91600,236.8035
91650,-302.5648
91700,-194.3777
91750,18.5045
91800,267.2435
91850,10.4044
91900,-305.5137
91950,-210.4084
92000,134.6923
92050,27.8228
92100,88.3372
92150,190.678
92200,-324.4227
92250,-57.7753
92300,19.2927
92350,43.8866
92400,-99.0173
92450,341.8246
92500,246.2005
92550,136.225
92600,68.0584
92650,-253.3029
92700,-24.4492
92750,-61.214
92800,104.7052
92850,186.3781
92900,-274.4456
92950,274.8261
93000,204.6039
93050,-96.7829
93100,-46.4591
93150,2.7295
93200,-158.6692
93250,6.1789
93300,-206.1762
93350,7.4888
93400,-305.9684
93450,73.9452
93500,-281.2232
93550,314.0502
93600,309.0411
93650,-293.1929
93700,-126.5048
93750,17.4612
93800,-53.0443
93850,-319.558
93900,141.1892
93950,113.5492
94000,-281.6233
94050,46.9711
94100,-91.005
94150,92.6513
94200,-125.6106
94250,-6.352
94300,-142.4154
94350,-282.1331
94400,58.2618
94450,-298.92
94500,69.7543
94550,158.9805
94600,-376.6766
94650,139.1493
94700,-117.4824
94750,-335.0264
94800,-2.9021
94850,174.6767
94900,57.709
94950,-118.7334
95000,-25.5136
95050,137.8196
95100,153.9344
95150,232.9356
95200,340.7445
95250,-492.3056
95300,-223.7226
95350,37.5309
95400,67.0002
95450,-193.8809
95500,-335.4679
95550,204.0804
95600,-2.808
95650,108.3602
95700,149.3662
95750,-191.0003
95800,172.0421
95850,46.3016
95900,67.3256
95950,-64.2911
96000,-79.9196
96050,-103.3123
96100,-185.0444
96150,-132.1058
96200,21.42
96250,220.5149
96300,105.7033
96350,-267.8968
96400,112.9995
96450,148.1675
96500,-47.8927
96550,-206.4614
96600,-15.0072
96650,-82.0391
96700,-254.9994
96750,293.1198
96800,-328.2755
96850,-52.9524
96900,-100.67
96950,-264.8397
97000,100.6048
97050,-205.4897
97100,-72.1898
97150,-92.5105
97200,-257.9326
97250,58.9629
97300,-343.5393
97350,-97.3623
97400,202.9266
97450,35.8622
97500,-342.3394
97550,-84.7089
97600,13.3556
97650,-188.455
97700,145.0564
97750,-58.7103
97800,-288.5884
97850,77.8192
97900,-205.4431
97950,103.8628
98000,-505.5265
98050,-292.7332
98100,-31.2087
98150,369.7805
98200,-355.3906
98250,-145.378
98300,238.4079
98350,49.8505
98400,-164.0675
98450,438.2377
98500,29.4863
98550,-309.2899
98600,-183.1019
98650,218.4777
98700,-52.7211
98750,-25.6033
98800,-152.0228
98850,-91.6354
98900,-226.2865
98950,-6.9079
99000,46.4069
99050,-187.3753
99100,-209.4231
99150,108.8536
99200,50.3314
99250,-298.8622
99300,-297.3832
99350,67.8515
99400,-169.9647
99450,-235.4764
99500,-76.3181
99550,26.9699
99600,-256.728
99650,52.2952
99700,-108.9981
99750,-224.8734
99800,243.0068
99850,-240.6798
99900,127.0367
99950,-223.7373
1e+05,42.7631
100050,-91.3578
100100,-62.7552
100150,45.9045
100200,-268.7647
100250,192.302
100300,-193.3851
100350,-59.8552
100400,531.7889
100450,-198.2747
100500,-40.3912
100550,-74.2445
100600,-172.8876
100650,151.2205
100700,58.3201
100750,199.8901
100800,-71.9747
100850,-8.058
100900,-178.9139
100950,-217.4703
101000,-206.7761
101050,38.1818
101100,-86.0115
101150,-256.2507
101200,-13.3427
101250,-123.9375
101300,-121.1165
101350,-150.0086
101400,-36.7911
101450,-271.6284
101500,-42.1009
101550,174.0793
101600,-59.6201
101650,58.7825
101700,2.5666
101750,26.8481
101800,-396.0489
101850,319.4091
101900,-283.4607
101950,166.739
102000,152.9476
102050,125.6699
102100,-57.5162
102150,-74.6212
102200,-61.5654
102250,144.3591
102300,-160.1296
102350,-185.2842
102400,546.2858
102450,195.4794
102500,39.5319
102550,-70.8903
102600,208.6069
102650,-115.5272
102700,-471.7419
102750,-34.3526
102800,133.5797
102850,-310.1158
102900,110.8971
102950,-217.1786
103000,-61.1282
103050,-148.287
103100,176.9862
103150,307.018
103200,-438.6458
103250,-188.8269
103300,17.9493
103350,2.0903
103400,-191.0005
103450,79.0306
103500,7.5739
103550,100.5535
103600,-320.8273
103650,144.9301
103700,65.7014
103750,-361.4116
103800,-92.4141
103850,-7.4646
103900,-50.3092
103950,56.7511
104000,132.4071
104050,35.4466
104100,-55.9144
104150,298.1679
104200,88.4402
104250,97.2093
104300,98.5451
104350,63.5049
104400,435.066
104450,92.8959
104500,-135.7292
104550,-119.0961
104600,-44.7347
104650,-184.9615
104700,9.9477
104750,-124.8623
104800,42.5504
104850,87.2954
104900,13.7842
104950,-155.7791
105000,-207.3705
105050,114.6125
105100,193.5487
105150,-239.0252
105200,-120.5836
105250,221.3011
105300,-121.4189
105350,-225.4173
105400,59.6311
105450,-16.0845
105500,-35.5192
105550,-233.0125
105600,-107.3189
105650,-98.2335
105700,-82.3829
105750,-264.453
105800,2.4335
105850,-195.8247
105900,-1.399
105950,-115.0642
106000,-406.433
106050,-229.7145
106100,-62.9706
106150,38.2235
106200,54.9091
106250,-290.3548
106300,-236.9279
106350,306.4135
106400,-150.4732
106450,0.3581
106500,63.7432
106550,-209.856
106600,-111.8087
106650,-125.0264
106700,132.5232
106750,65.2573
106800,206.23
106850,268.9672
106900,-300.0982
106950,-83.7314
107000,-99.1451
107050,-132.641
107100,207.7953
107150,-19.7839
107200,-23.7391
107250,-56.9517
107300,224.6206
107350,-244.6393
107400,282.0202
107450,193.6299
107500,-103.27
107550,330.1579
107600,-118.7855
107650,-70.6293
107700,262.0848
107750,89.7415
107800,-111.0538
107850,-7.0855
107900,440.6794
107950,-2.593
108000,52.9046
108050,-186.8135
108100,-156.4955
108150,80.4403
108200,-50.1749
108250,130.7189
108300,53.7911
108350,181.1739
108400,-11.2472
108450,87.9471
108500,17.7358
108550,-82.8965
108600,-86.7285
108650,39.4676
108700,-116.6267
108750,28.5893
108800,-34.7524
108850,-186.1315
108900,487.7261
108950,-107.2502
109000,108.633
109050,-78.153
109100,321.7256
109150,271.6793
109200,-288.6389
109250,362.4448
109300,-118.6703
109350,-31.8331
109400,388.6427
109450,-203.6716
109500,71.8669
109550,212.6342
109600,-26.4623
109650,-5.7314
109700,23.4928
109750,123.3965
109800,73.547
109850,212.3525
109900,-78.5334
109950,-6.3496
110000,-88.6382
110050,240.0494
110100,-114.1957
110150,-531.0711
110200,216.6848
110250,-26.6675
110300,127.437
110350,-60.6097
110400,-83.1591
110450,421.8882
110500,-290.5071
110550,-234.2747
110600,-81.4396
110650,-125.6373
110700,78.0111
110750,-135.4424
110800,37.8316
110850,124.3875
110900,50.3741
110950,-329.0592
111000,70.515
111050,82.7749
111100,134.7454
111150,300.3534
111200,-268.4763
111250,96.767
111300,117.9037
111350,-136.4934
111400,-105.6692
111450,-5.8738
111500,-245.7163
111550,-18.9816
111600,-43.378
111650,-197.4435
111700,125.4696
111750,82.2224
111800,-192.5094
111850,2.2829
111900,310.7495
111950,36.767
112000,305.3805
112050,250.8816
112100,-144.8013
112150,94.4029
112200,116.2676
112250,-161.692
112300,-7.1309
112350,-14.4434
112400,206.0797
112450,319.7998
112500,-349.5815
112550,-40.9936
112600,112.6758
112650,30.3147
112700,-70.173
112750,99.4581
112800,51.8341
112850,216.8714
112900,139.8366
112950,155.6393
113000,-2.9224
113050,14.0198
113100,40.8532
113150,-350.2399
113200,-235.5017
113250,7.2053
113300,-199.2676
113350,183.4142
113400,41.1014
113450,115.1207
113500,81.6625
113550,80.3494
113600,-273.9344
113650,147.4939
113700,-141.2215
113750,-19.3297
113800,-168.3993
113850,-143.0328
113900,46.9554
113950,-48.0206
114000,-7.8794
114050,-36.7621
114100,372.6317
114150,-335.7372
114200,34.3048
114250,-389.2147
114300,166.3951
114350,-83.6187
114400,101.2618
114450,89.1924
114500,-220.4754
114550,-200.2328
114600,53.427
114650,-3.3575
114700,-321.5752
114750,81.408
114800,-178.5775
114850,-67.8917
114900,-229.1373
114950,43.0032
115000,172.0519
115050,-129.8045
115100,278.5206
115150,-217.3594
115200,62.9209
115250,148.615
115300,247.8138
115350,-206.0982
115400,-68.8982
115450,-33.7447
115500,231.2655
115550,-55.4816
115600,44.6652
115650,132.5123
115700,44.7742
115750,85.8152
115800,-82.3643
115850,-224.558
115900,16.8733
115950,388.3018
116000,-301.3687
116050,-118.6751
116100,186.9703
116150,-110.2803
116200,50.3947
116250,76.6614
116300,20.7824
116350,-146.6424
116400,-80.5358
116450,-331.071
116500,-256.3531
116550,108.6531
116600,113.1209
116650,400.0744
116700,-46.6038
116750,249.8041
116800,-133.1846
116850,-107.5242
116900,-154.8989
116950,-226.983
117000,150.7347
117050,15.181
117100,137.8399
117150,-113.4395
117200,-168.8431
117250,-104.5252
117300,-245.2802
117350,201.6766
117400,-25.3224
117450,-371.2342
117500,173.0292
117550,-53.5588
117600,-265.0278
117650,-143.598
117700,93.3677
117750,135.1414
117800,-148.6656
117850,-69.4226
117900,143.7822
117950,281.3224
118000,-144.3363
118050,107.5667
118100,-176.2935
118150,-6.6504
118200,-175.9878
118250,19.7848
118300,-213.2567
118350,-71.2505
118400,-75.2831
118450,-206.4639
118500,81.6494
118550,12.3492
118600,-197.8315
118650,-210.3782
118700,347.1851
118750,-82.5938
118800,-405.5814
118850,208.8328
118900,185.2534
118950,-34.2759
119000,-41.8118
119050,65.6614
119100,61.7935
119150,234.3996
119200,178.8603
119250,-160.2997
119300,58.4368
119350,-148.6452
119400,-77.4313
119450,-161.1515
119500,-157.465
119550,231.0684
119600,-267.7134
119650,-233.5635
119700,55.1164
119750,204.0049
119800,-259.5137
119850,-235.3069
119900,-76.7304
119950,253.475
120000,-220.2464
120050,-41.3877
120100,-218.2807
120150,92.5652
120200,-220.0616
120250,169.0261
120300,-169.7077
120350,-37.8225
120400,146.7263
120450,-279.2493
120500,-150.5818
120550,-247.4459
120600,-136.0182
120650,270.7581
120700,131.2539
120750,37.2222
120800,92.2252
120850,-42.8169
120900,64.6535
120950,-216.7028
121000,-218.5661
121050,-285.3561
121100,216.9867
121150,-325.3715
121200,309.8872
121250,63.1995
121300,241.2213
121350,217.6902
121400,152.8787
121450,-31.7671
121500,81.7593
121550,134.4211
121600,34.8615
121650,-443.1729
121700,-297.275
121750,253.1586
121800,-237.091
121850,-149.21
121900,51.3253
121950,-226.2368
122000,80.749
122050,106.1921
122100,-8.0316
122150,104.6819
122200,-54.707
122250,11.1508
122300,-116.1615
122350,133.1599
122400,141.6329
122450,155.9579
122500,461.4098
122550,-141.5417
122600,297.7025
122650,233.9982
122700,8.3459
122750,88.4101
122800,115.4466
122850,-16.7365
122900,126.4121
122950,-8.9195
123000,566.7206
123050,6.2057
123100,87.2133
123150,-137.4686
123200,167.3692
123250,-133.6371
123300,-344.3042
123350,-416.0048
123400,43.7074
123450,114.7061
123500,-33.5109
123550,-68.6172
123600,-293.0322
123650,335.5234
123700,25.7781
123750,138.8263
123800,14.6156
123850,371.3011
123900,58.2311
123950,332.9973
124000,259.6516
124050,-468.2894
124100,205.773
124150,-384.9956
124200,123.2356
124250,21.2356
124300,-566.1194
124350,-193.8285
124400,210.3532
124450,14.383
124500,111.2479
124550,148.9674
124600,34.5115
124650,228.7504
124700,-240.2474
124750,-165.9792
124800,135.224
124850,100.4542
124900,131.5703
124950,103.7086
125000,174.25
125050,79.2583
125100,-312.9003
125150,-140.4452
125200,304.4848
125250,3.7483
125300,-189.581
125350,-236.6631
125400,75.6401
125450,-7.0463
125500,-302.3054
125550,-172.4453
125600,-86.3236
125650,-103.7118
125700,28.0715
125750,-38.4996
125800,200.3468
125850,-289.65
125900,-128.7609
125950,-500.2313
126000,-358.9184
126050,253.758
126100,96.8684
126150,-19.5648
126200,68.7072
126250,33.1516
126300,349.8594
126350,-132.3216
126400,-330.2039
126450,33.2667
126500,-102.779
126550,-348.5979
126600,157.6318
126650,-44.6963
126700,-83.0673
126750,362.9512
126800,89.6253
126850,268.406
126900,-3.2671
126950,85.5532
127000,39.6854
127050,-79.9051
127100,-63.0796
127150,208.5486
127200,-24.0531
127250,-170.2772
127300,-110.7909
127350,-94.0535
127400,-272.6884
127450,384.507
127500,-9.841
127550,-296.4626
127600,-35.149
127650,190.4993
127700,-292.7005
127750,56.1324
127800,-122.7676
127850,-230.6703
127900,86.7586
127950,-185.2681
128000,88.2019
128050,-34.0631
128100,-80.0193
128150,-230.4726
128200,260.7126
128250,-11.9854
128300,-138.0757
128350,-62.9631
128400,-137.638
128450,-37.5552
128500,160.8543
128550,206.5464
128600,110.4245
128650,256.5934
128700,16.6237
128750,234.6355
128800,167.7502
128850,339.9299
128900,0.9648
128950,77.617
129000,111.5897
129050,-63.1363
129100,-87.2864
129150,-316.5521
129200,-7.9967
129250,99.6408
129300,-24.4992
129350,30.9141
129400,4.9845
129450,216.9696
129500,243.6701
129550,233.5428
129600,154.6601
129650,-7.7402
129700,-92.9487
129750,-293.8073
129800,-24.4707
129850,-27.3928
129900,81.465
129950,-91.7572
130000,-105.8976
130050,50.5138
130100,4.9992
130150,-163.9845
130200,-347.359
130250,-247.7605
130300,110.6931
130350,-242.812
130400,90.2027
130450,-68.2106
130500,290.3416
130550,45.7033
130600,118.2532
130650,152.3077
130700,-175.6036
130750,91.3687
130800,283.6039
130850,-1.6454
130900,-396.895
130950,260.1321
131000,-388.73
131050,-237.8529
131100,-119.0246
131150,85.6583
131200,9.0451
131250,-335.5611
131300,-361.0553
131350,88.5758
131400,-101.3331
131450,209.7239
131500,146.7102
131550,-245.5732
131600,-27.0204
131650,-260.3936
131700,279.0051
131750,-125.6487
131800,167.2798
131850,76.1119
131900,-345.7392
131950,-22.0326
132000,-92.8141
132050,-186.6376
132100,306.5139
132150,-308.2033
132200,-101.9876
132250,60.3953
132300,159.9978
132350,-319.6707
132400,-320.4033
132450,49.0569
132500,133.253
132550,-182.5499
132600,-278.2591
132650,-137.3528
132700,96.5342
132750,99.309
132800,65.2407
132850,116.8608
132900,-157.2993
132950,-201.4111
133000,76.7895
133050,-53.1486
133100,354.4109
133150,-200.3909
133200,34.8973
133250,17.2759
133300,59.1127
133350,79.8381
133400,146.4273
133450,251.811
133500,30.1853
133550,-90.6982
133600,-111.2837
133650,-62.1443
133700,-199.9376
133750,354.1954
133800,-115.0255
133850,46.9594
133900,-68.1137
133950,22.8877
134000,-437.3613
134050,-9.2078
134100,10.6383
134150,60.8548
134200,-15.5311
134250,-619.1788
134300,122.7952
134350,-174.3669
134400,-384.5086
134450,-213.2121
134500,109.1734
134550,236.1323
134600,-33.5591
134650,-79.6547
134700,-121.0191
134750,175.853
134800,-166.884
134850,-347.7053
134900,-115.94
134950,-23.0123
135000,-214.0134
135050,-142.9723
135100,-115.3876
135150,-201.7503
135200,-274.3755
135250,-115.6641
135300,-223.8963
135350,243.437
135400,-154.4393
135450,-448.6884
135500,-182.6848
135550,71.5753
135600,-113.2525
135650,-1.9048
135700,-23.145
135750,-8.0998
135800,-39.6593
135850,-106.6664
135900,495.6782
135950,-150.3003
136000,200.4785
136050,-255.4979
136100,74.0025
136150,-150.1775
136200,-342.4626
136250,339.412
136300,254.9698
136350,33.5453
136400,217.9949
136450,65.2904
136500,-250.2066
136550,370.7068
136600,163.8625
136650,-58.8341
136700,354.1021
136750,80.2742
136800,-76.6903
136850,-130.837
136900,-143.3
136950,-35.0159
137000,-162.548
137050,127.9872
137100,251.9149
137150,311.426
137200,309.9222
137250,293.9722
137300,161.4804
137350,-325.8832
137400,65.1933
137450,124.4425
137500,-54.396
137550,-233.5181
137600,-212.2499
137650,109.7422
137700,-60.1141
137750,-265.1032
137800,-297.738
137850,105.1269
137900,218.2162
137950,-203.7155
138000,-1.7783
138050,345.7507
138100,389.3494
138150,-18.2982
138200,-164.8363
138250,-128.7527
138300,-48.3753
138350,-50.1751
138400,169.9257
138450,-323.1861
138500,188.5496
138550,65.7401
138600,-250.4177
138650,184.6571
138700,141.3118
138750,225.1659
138800,-49.9662
138850,409.3215
138900,-367.9186
138950,51.8842
139000,65.1982
139050,-44.6209
139100,195.5996
139150,-360.5881
139200,187.3964
139250,156.6106
139300,-470.4973
139350,242.4024
139400,-274.4534
139450,-126.4126
139500,-68.8633
139550,80.0445
139600,-189.1035
139650,18.4031
139700,-154.5363
139750,-194.7502
139800,-33.0519
139850,-282.7512
139900,-264.8626
139950,10.2035
140000,-176.0052
140050,-2.7462
140100,-289.4898
140150,-242.1542
140200,28.1977
140250,-159.8249
140300,345.0512
140350,191.2149
140400,-79.1899
140450,-141.5547
140500,-17.4138
140550,89.3617
140600,-140.7844
140650,-148.3789
140700,-150.0558
140750,176.1994
140800,72.7285
140850,-20.8726
140900,-218.8188
140950,132.4217
141000,-3.4008
141050,-214.0152
141100,59.0091
141150,-76.3619
141200,-52.545
141250,134.7601
141300,-176.4537
141350,-78.1354
141400,-158.231
141450,-154.0394
141500,-34.0396
141550,708.0827
141600,-200.2584
141650,81.4119
141700,-63.288
141750,140.8834
141800,-255.4532
141850,-59.6252
141900,96.5376
141950,201.1797
142000,-321.7293
142050,-9.8409
142100,-75.8141
142150,103.8459
142200,-405.4251
142250,-56.4087
142300,-43.7167
142350,209.4776
142400,-252.3268
142450,-47.9925
142500,340.7501
142550,-202.1741
142600,441.3126
142650,-309.748
142700,115.7245
142750,119.7538
142800,-246.1678
142850,7.5302
142900,149.3831
142950,102.7847
143000,140.158
143050,13.5428
143100,-85.3063
143150,38.4201
143200,57.7173
143250,-57.0261
143300,-62.0655
143350,7.3631
143400,-152.3078
143450,-115.1449
143500,-322.2268
143550,115.4703
143600,73.1934
143650,-83.2733
143700,67.2338
143750,-416.4147
143800,-290.1139
143850,-140.9587
143900,108.3385
143950,-258.0392
144000,-60.441
144050,86.5024
144100,-163.3872
144150,-71.955
144200,118.9165
144250,156.8232
144300,112.5779
144350,-541.6173
144400,-204.3537
144450,-154.5783
144500,-290.1145
144550,-216.4562
144600,261.1813
144650,-74.4105
144700,-400.2007
144750,13.5248
144800,387.279
144850,-361.8702
144900,-127.6681
144950,90.0262
145000,125.9327
145050,-315.7631
145100,-6.6712
145150,-245.1802
145200,172.6308
145250,296.7033
145300,-134.64
145350,-192.2596
145400,-194.655
145450,-149.4118
145500,-142.5833
145550,-176.0312
145600,156.9266
145650,-175.7228
145700,234.9544
145750,-127.4302
145800,77.1131
145850,-255.5319
145900,-330.1639
145950,-63.8284
146000,-106.4939
146050,311.8842
146100,177.2482
146150,363.6629
146200,-385.9118
146250,70.8013
146300,74.1855
146350,97.3966
146400,-133.3466
146450,-55.0801
146500,32.3632
146550,-128.1062
146600,249.8433
146650,271.0435
146700,-15.4217
146750,73.6102
146800,-383.4975
146850,-67.4114
146900,242.9706
146950,-123.3391
147000,289.0715
147050,-130.6008
147100,111.8438
147150,-40.0342
147200,41.8932
147250,47.8083
147300,240.6695
147350,208.6466
147400,-209.3212
147450,88.4649
147500,78.5486
147550,-69.1622
147600,-231.824
147650,181.4328
147700,-143.1578
147750,-265.3268
147800,91.7561
147850,195.4866
147900,-224.2666
147950,-299.3169
148000,-86.8536
148050,-68.5335
148100,273.2421
148150,-21.7076
148200,-463.8739
148250,43.932
148300,-268.9862
148350,129.6822
148400,-281.6635
148450,261.5657
148500,320.9301
148550,-294.398
148600,-206.9661
148650,-42.9784
148700,-146.9731
148750,-69.2105
148800,263.9408
148850,-186.7322
148900,-124.0803
148950,-36.0347
149000,-48.9263
149050,-218.2542
149100,-291.8833
149150,-188.673
149200,-32.7711
149250,-293.0615
149300,22.016
149350,249.0456
149400,-298.911
149450,243.0424
149500,-34.1022
149550,-168.147
149600,-44.9402
149650,-63.8799
149700,207.1546
149750,85.1297
149800,73.9587
149850,81.597
149900,221.4176
149950,-4.0812
150000,245.6518
150050,34.4249
150100,-215.4148
150150,-133.6053
150200,-17.8074
150250,-418.3542
150300,-149.0171
150350,207.641
150400,43.8909
150450,161.3
150500,-204.5266
150550,-24.2355
150600,-168.3066
150650,-424.0191
150700,-47.1209
150750,254.7321
150800,162.8561
150850,4.3123
150900,27.9884
150950,-50.5148
151000,256.8506
151050,95.0807
151100,-140.5526
151150,-181.4682
151200,153.237
151250,-207.1673
151300,-44.1734
151350,137.7275
151400,-123.1082
151450,295.0777
151500,-251.9878
151550,-138.5619
151600,150.7575
151650,-34.1958
151700,-212.9196
151750,-299.1673
151800,-437.3357
151850,108.6183
151900,-138.2866
151950,447.9197
152000,-73.238
152050,51.6464
152100,-110.1782
152150,-115.1898
152200,-106.7901
152250,-63.1883
152300,77.9994
152350,244.0363
152400,194.8843
152450,-87.8084
152500,128.3394
152550,-246.7157
152600,-70.9144
152650,-33.8976
152700,-53.7406
152750,-22.3796
152800,-457.9812
152850,141.1779
152900,-28.6706
152950,324.4996
153000,-163.7344
153050,123.6799
153100,-3.1678
153150,-91.235
153200,94.3826
153250,102.4334
153300,-96.2102
153350,-6.0818
153400,-48.6734
153450,-41.9374
153500,-345.1491
153550,176.3854
153600,263.7141
153650,-58.3931
153700,93.2792
153750,-81.9051
153800,-287.0496
153850,-161.9851
153900,-475.201
153950,73.4922
154000,443.9634
154050,42.4498
154100,297.911
154150,-313.0053
154200,-121.1541
154250,55.7151
154300,-383.0153
154350,82.3997
154400,116.278
154450,-365.7568
154500,-21.1227
154550,-114.315
154600,2.5364
154650,130.8705
154700,-26.4296
154750,-48.7592
154800,216.0717
154850,14.1375
154900,-67.1442
154950,102.6811
155000,-87.6021
155050,19.4009
155100,-110.5965
155150,271.6741
155200,-82.9361
155250,160.7385
155300,-422.8825
155350,50.6366
155400,-193.5959
155450,314.6779
155500,44.4347
155550,-414.5131
155600,179.9329
155650,-59.8356
155700,54.934
155750,-214.3704
155800,272.8614
155850,-103.6283
155900,-80.0096
155950,-17.6451
156000,296.6201
156050,-10.2033
156100,-134.8657
156150,-184.7042
156200,248.6668
156250,-24.542
156300,-191.7228
156350,133.6594
156400,50.732
156450,-262.264
156500,-348.3173
156550,325.155
156600,110.866
156650,-92.5915
156700,-129.9342
156750,136.7987
156800,-97.7221
156850,-168.9032
156900,-232.2647
156950,106.6993
157000,-183.8083
157050,-85.5149
157100,-115.8445
157150,244.3623
157200,-24.2618
157250,-261.0816
157300,-46.2766
157350,121.8123
157400,-371.0834
157450,37.7866
157500,-243.9113
157550,14.422
157600,109.7894
157650,149.1377
157700,153.9814
157750,284.9149
157800,-138.9746
157850,-266.0751
157900,-222.9858
157950,399.6784
158000,253.7766
158050,68.5353
158100,-27.613
158150,24.4617
158200,-94.1499
158250,-77.3345
158300,-423.1971
158350,220.5905
158400,86.0302
158450,-287.1784
158500,34.0107
158550,-42.8418
158600,105.401
158650,-124.6631
158700,-215.5622
158750,156.4861
158800,177.1634
158850,-20.3872
158900,255.796
158950,-360.437
159000,-184.8432
159050,-222.8427
159100,119.8979
159150,189.1565
159200,-408.6414
159250,227.3951
159300,-274.7661
159350,143.347
159400,-21.9566
159450,-47.9623
159500,-206.5021
159550,-112.5283
159600,-327.5345
159650,-261.0559
159700,146.9077
159750,-8.6024
159800,-219.7968
159850,-127.1443
159900,-10.2099
159950,157.9948
160000,152.6758
160050,-137.9168
160100,-72.9726
160150,46.9955
160200,-131.6066
160250,214.3884
160300,-55.7766
160350,49.0419
160400,-64.5421
160450,-74.9019
160500,-73.5861
160550,-188.4845
160600,98.9432
160650,20.3747
160700,19.5798
160750,154.4919
160800,-35.7296
160850,245.4072
160900,-310.0167
160950,127.2099
161000,149.3705
161050,-416.5486
161100,109.4236
161150,51.1106
161200,-350.693
161250,-34.9222
161300,57.95
161350,-367.9808
161400,-12.7154
161450,-87.7183
161500,-113.7484
161550,177.3983
161600,-119.439
161650,113.9353
161700,-226.3172
161750,91.192
161800,74.471
161850,-139.17
161900,185.6959
161950,-166.66
162000,147.8956
162050,-234.853
162100,121.4667
162150,-18.5406
162200,24.2134
162250,-69.4676
162300,132.9278
162350,-89.1789
162400,118.8652
162450,251.8225
162500,-208.1524
162550,336.5399
162600,22.7653
162650,-197.1594
162700,-65.6614
162750,-240.507
162800,89.8621
162850,-62.1254
162900,111.3513
162950,126.5349
163000,-280.7347
163050,-122.1182
163100,109.4958
163150,-67.5524
163200,260.1131
163250,-316.2175
163300,-26.454
163350,6.0585
163400,139.108
163450,-214.0838
163500,355.6008
163550,-30.5273
163600,-130.7548
163650,-89.3435
163700,-103.268
163750,-148.4157
163800,7.9353
163850,-363.7563
163900,-68.4293
163950,-50.0861
164000,-350.8382
164050,131.942
164100,26.303
164150,112.6318
164200,5.5845
164250,84.3253
164300,-359.2115
164350,122.6324
164400,-419.5321
164450,494.7135
164500,238.2177
164550,-111.5106
164600,142.4028
164650,-70.6351
164700,-200.6484
164750,-113.0895
164800,290.18
164850,-65.8528
164900,-156.3965
164950,-285.7251
165000,-249.9798
165050,-58.8511
165100,-171.7533
165150,115.021
165200,-220.7191
165250,11.4485
165300,462.5087
165350,-225.0649
165400,117.8571
165450,199.0608
165500,-253.6833
165550,-34.1256
165600,-135.6989
165650,-110.9376
165700,-9.1952
165750,-110.3231
165800,-124.3781
165850,3.7698
165900,152.659
165950,266.4053
166000,-129.2608
166050,-77.1617
166100,-428.5667
166150,110.2886
166200,71.2768
166250,67.8174
166300,-96.7585
166350,-230.3313
166400,-10.4639
166450,-304.3682
166500,-180.7204
166550,-94.1345
166600,176.3944
166650,-95.8513
166700,-54.805
166750,49.0367
166800,319.3498
166850,-82.779
166900,-312.9436
166950,-97.8192
167000,140.6275
167050,-249.1157
167100,-91.1766
167150,-12.1153
167200,-2.407
167250,-61.6565
167300,82.5907
167350,-227.4062
167400,77.6482
167450,101.6094
167500,-110.8889
167550,94.5535
167600,-214.663
167650,-169.8959
167700,-52.4466
167750,139.3035
167800,-223.1064
167850,169.9086
167900,21.2241
167950,-133.3096
168000,86.6285
168050,41.0216
168100,156.8341
168150,81.7554
168200,-103.9991
168250,193.168
168300,-208.4414
168350,-6.9812
168400,-606.9962
168450,-279.2694
168500,-49.5976
168550,36.1606
168600,157.2516
168650,-441.9674
168700,168.7842
168750,140.5924
168800,152.0797
168850,-356.7368
168900,61.3388
168950,-284.3188
169000,90.4531
169050,-73.5749
169100,-251.8381
169150,39.0065
169200,-232.132
169250,-145.8624
169300,-33.3978
169350,-283.0773
169400,-113.3781
169450,-50.3796
169500,-145.5944
169550,-194.0412
169600,-12.4776
169650,30.7079
169700,-59.0901
169750,-32.7996
169800,-173.5442
169850,-317.878
169900,-140.7591
169950,-32.1181
170000,-295.2656
170050,-137.1493
170100,80.3704
170150,-248.4641
170200,65.4224
170250,219.9467
170300,-338.5318
170350,206.7068
170400,-22.9806
170450,50.7449
170500,-331.9486
170550,-496.0439
170600,-14.9103
170650,36.4512
170700,18.5009
170750,-579.3692
170800,239.804
170850,-91.9767
170900,126.7848
170950,-387.4026
171000,124.5718
171050,-7.8687
171100,70.304
171150,247.7025
171200,240.4479
171250,-136.7904
171300,161.7738
171350,-207.1182
171400,-66.9739
171450,12.754
171500,199.53
171550,123.833
171600,119.2626
171650,-280.0254
171700,-103.0718
171750,-216.0312
171800,73.672
171850,-35.3447
171900,-285.9921
171950,78.4922
172000,207.5257
172050,-291.2718
172100,-115.6094
172150,424.9049
172200,-34.6076
172250,-101.1656
172300,-29.3336
172350,-85.7522
172400,-82.4952
172450,109.8954
172500,175.7511
172550,31.7024
172600,152.0333
172650,-62.1908
172700,244.437
172750,-263.7444
172800,13.709
172850,-164.4458
172900,-106.6475
172950,107.5457
173000,-359.8488
173050,-298.2636
173100,19.1022
173150,49.5308
173200,-44.9601
173250,-104.8344
173300,-293.8595
173350,-84.5463
173400,-47.6835
173450,136.9464
173500,-312.4249
173550,-218.9675
173600,144.6827
173650,18.2751
173700,-193.778
173750,-512.1866
173800,-436.8645
173850,-198.1601
173900,75.9514
173950,-44.5936
174000,151.568
174050,-437.9367
174100,159.713
174150,128.101
174200,-42.9595
174250,-277.2961
174300,-70.8382
174350,-159.1604
174400,-181.7773
174450,143.49
174500,-274.1342
174550,-322.3079
174600,13.6883
174650,-470.7573
174700,-107.4311
174750,-122.2991
174800,-94.6639
174850,-193.6662
174900,-81.5092
174950,-166.8137
175000,-84.3539
175050,-321.6089
175100,-129.7983
175150,-174.7915
175200,76.1915
175250,136.8384
175300,122.379
175350,-207.9342
175400,-27.9903
175450,72.2826
175500,133.124
175550,-264.6001
175600,-180.8977
175650,120.5439
175700,80.9023
175750,-273.1405
175800,-207.059
175850,-93.4201
175900,-65.0378
175950,54.9457
176000,126.9677
176050,-232.3699
176100,-92.4073
176150,-309.5483
176200,76.8278
176250,-208.738
176300,30.2559
176350,-199.9092
176400,-134.135
176450,-58.2638
176500,-1.0546
176550,-90.2115
176600,-66.619
176650,-265.1938
176700,-11.9396
176750,222.3919
176800,231.1479
176850,-142.5808
176900,-351.2664
176950,38.4165
177000,-4.5063
177050,142.5168
177100,208.9646
177150,170.6654
177200,-270.9948
177250,-222.5493
177300,92.2947
177350,-230.9893
177400,-417.9366
177450,272.9077
177500,66.0076
177550,48.0719
177600,-100.0682
177650,-5.3816
177700,134.9296
177750,24.9308
177800,-234.3809
177850,-107.789
177900,52.7825
177950,315.9425
178000,86.255
178050,280.5018
178100,103.2972
178150,-219.7992
178200,-211.4514
178250,-383.1282
178300,65.9694
178350,16.4488
178400,-202.4585
178450,3.583
178500,-41.4639
178550,197.8495
178600,-139.9416
178650,-169.1883
178700,298.7593
178750,21.7423
178800,183.1626
178850,347.7387
178900,-349.0266
178950,25.6744
179000,121.561
179050,-119.4805
179100,-46.5907
179150,-14.7903
179200,-36.7817
179250,-187.3976
179300,-171.7384
179350,145.1341
179400,-74.8962
179450,9.0372
179500,106.7381
179550,-470.7972
179600,273.1612
179650,57.9482
179700,-389.7088
179750,-20.5001
179800,291.8705
179850,-55.5055
179900,-232.702
179950,154.8527
180000,322.0394
180050,-167.1755
180100,10.4388
180150,81.9237
180200,65.6029
180250,-89.4605
180300,37.1226
180350,41.4495
180400,40.5231
180450,-147.1713
180500,90.7212
180550,134.9184
180600,-85.7482
180650,-208.4301
180700,-201.1048
180750,-172.5429
180800,248.3485
180850,-188.2396
180900,-183.4412
180950,276.7582
181000,-95.0693
181050,-92.1269
181100,-199.7482
181150,-110.6927
181200,137.3831
181250,13.6853
181300,-29.8958
181350,-203.7753
181400,100.6388
181450,57.6936
181500,-289.7087
181550,3.8039
181600,132.4306
181650,-395.8715
181700,92.0477
181750,118.9376
181800,222.297
181850,-24.4812
181900,26.6688
181950,409.9556
182000,-138.8621
182050,-147.7815
182100,221.7777
182150,-367.2329
182200,75.4916
182250,-287.4694
182300,-124.1708
182350,-69.3396
182400,-20.0419
182450,-237.0221
182500,121.8442
182550,-219.6189
182600,138.2308
182650,-60.3099
182700,-525.4596
182750,77.7901
182800,-448.6079
182850,8.153
182900,-228.3741
182950,-85.0977
183000,-379.2097
183050,-188.4877
183100,-155.0265
183150,-27.5585
183200,221.5219
183250,-188.8852
183300,-257.9765
183350,-189.9022
183400,185.8807
183450,55.7984
183500,-155.0495
183550,237.9637
183600,-217.4459
183650,59.5518
183700,-229.8778
183750,291.3922
183800,-334.3698
183850,-253.3903
183900,-102.9406
183950,-54.5263
184000,-104.8995
184050,101.9948
184100,162.0965
184150,-102.4974
184200,-110.3438
184250,94.6238
184300,336.3766
184350,-199.1749
184400,-817.1769
184450,189.053
184500,-196.6466
184550,80.3517
184600,-61.5023
184650,-188.3729
184700,72.8413
184750,-225.7187
184800,-283.4168
184850,-173.8559
184900,-33.3787
184950,-374.9658
185000,-0.9783
185050,-133.0949
185100,-60.1049
185150,-109.2878
185200,-121.5776
185250,-106.0923
185300,196.5222
185350,-192.4444
185400,-96.6044
185450,-152.8903
185500,-2.9922
185550,66.865
185600,-273.5492
185650,-87.9349
185700,-126.2396
185750,-252.253
185800,-67.1862
185850,-48.5901
185900,-18.0633
185950,-178.3616
186000,73.4865
186050,-359.9497
186100,-94.1547
186150,-450.7336
186200,-279.9574
186250,-129.4428
186300,-52.6108
186350,170.544
186400,-88.3328
186450,-10.0903
186500,2.9083
186550,-44.458
186600,-277.9096
186650,-1.1246
186700,-244.1922
186750,216.5137
186800,58.331
186850,46.4051
186900,-43.1932
186950,180.8037
187000,-205.7011
187050,-170.7435
187100,-105.2005
187150,-35.0685
187200,-66.8244
187250,194.2492
187300,-243.3946
187350,-57.3184
187400,-185.0717
187450,-28.6954
187500,127.2655
187550,-190.957
187600,-114.6898
187650,-292.7076
187700,256.2841
187750,61.0196
187800,209.5321
187850,4.9823
187900,-23.9702
187950,372.3564
188000,301.5099
188050,155.1293
188100,403.3839
188150,94.2517
188200,-324.0746
188250,-140.3922
188300,175.2202
188350,192.0509
188400,-198.5056
188450,-5.7685
188500,-45.3798
188550,-125.4448
188600,32.3504
188650,35.9036
188700,-131.7473
188750,-52.7268
188800,-65.1846
188850,92.7622
188900,-514.9635
188950,52.2551
189000,-115.8467
189050,-31.7546
189100,-88.5287
189150,-8.3601
189200,81.035
189250,-520.89
189300,-46.4625
189350,-168.8648
189400,-124.4341
189450,-7.673
189500,-8.9076
189550,-119.1256
189600,81.3569
189650,-572.8534
189700,54.3941
189750,203.2933
189800,-129.3399
189850,311.3312
189900,30.1834
189950,56.0925
190000,-128.2116
190050,-306.3213
190100,-164.0392
190150,256.0267
190200,-256.9058
190250,229.5927
190300,110.6291
190350,417.1847
190400,-104.9156
190450,-102.5934
190500,215.1923
190550,-184.9248
190600,4.8449
190650,120.2844
190700,-190.6584
190750,278.7325
190800,59.6538
190850,50.522
190900,36.2372
190950,-390.5392
191000,43.3243
191050,95.5291
191100,-215.9129
191150,-61.6548
191200,-228.7259
191250,44.8255
191300,-231.0904
191350,-63.8069
191400,65.1333
191450,20.4827
191500,-121.7155
191550,23.1302
191600,-233.5188
191650,-83.7743
191700,-110.8902
191750,23.5273
191800,389.9639
191850,-132.6802
191900,-389.8179
191950,131.357
192000,242.7737
192050,278.6217
192100,-261.6111
192150,-142.1754
192200,74.436
192250,134.5293
192300,-58.8645
192350,-289.7165
192400,112.0039
192450,-110.5594
192500,-95.354
192550,164.3613
192600,239.0016
192650,-478.6534
192700,-293.2597
192750,244.3946
192800,-568.1371
192850,-125.3748
192900,136.6675
192950,-189.6156
193000,130.5588
193050,-228.296
193100,188.6262
193150,-162.4497
193200,6.7054
193250,83.6229
193300,31.728
193350,-118.4778
193400,-310.0822
193450,51.753
193500,-55.6928
193550,30.3505
193600,-297.683
193650,-346.2661
193700,57.6767
193750,127.8555
193800,23.4196
193850,-111.3166
193900,-338.1996
193950,-280.3473
194000,223.3158
194050,72.8274
194100,-84.2904
194150,-215.0115
194200,-354.2808
194250,22.899
194300,192.9501
194350,-129.4292
194400,-42.9401
194450,-441.6358
194500,-34.3025
194550,122.0835
194600,-163.9433
194650,54.4486
194700,49.7971
194750,-140.3291
194800,134.2968
194850,-59.003
194900,276.2312
194950,152.4419
195000,-158.6328
195050,-74.6886
195100,-13.5408
195150,60.1213
195200,130.557
195250,22.5627
195300,-6.4873
195350,203.3364
195400,-313.0419
195450,-20.9233
195500,-32.6369
195550,-101.4683
195600,118.6602
195650,79.9003
195700,-382.2819
195750,-157.8518
195800,75.4362
195850,-122.7842
195900,-10.0926
195950,-191.8364
196000,162.4071
196050,-222.8635
196100,103.7191
196150,-22.8602
196200,-173.4354
196250,-352.3403
196300,-32.9325
196350,27.913
196400,45.0635
196450,162.4878
196500,149.9186
196550,-309.583
196600,-172.1795
196650,-363.1577
196700,124.7836
196750,45.3126
196800,-215.3313
196850,85.4831
196900,-494.1342
196950,164.5518
197000,42.6176
197050,-248.1964
197100,-455.6672
197150,-119.4207
197200,-70.4413
197250,-262.91
197300,-390.2737
197350,-54.3303
197400,50.7903
197450,49.1185
197500,80.6057
197550,-134.3771
197600,-175.7742
197650,-60.0857
197700,126.1982
197750,-95.618
197800,252.8821
197850,-33.1431
197900,-204.4606
197950,21.8151
198000,-262.9103
198050,95.6685
198100,-244.6061
198150,-193.9994
198200,-4.7909
198250,-203.921
198300,-124.3558
198350,-44.3468
198400,119.9757
198450,-229.9997
198500,-116.4154
198550,-23.8674
198600,-123.8165
198650,-173.3585
198700,-261.6798
198750,-404.6031
198800,-503.5456
198850,-159.3727
198900,149.5474
198950,-164.9019
199000,123.235
199050,-289.837
199100,-49.094
199150,-65.5809
199200,-129.7684
199250,-42.8256
199300,-273.8482
199350,85.949
199400,126.5128
199450,240.4795
199500,204.1121
199550,-100.1337
199600,-130.9949
199650,-127.5136
199700,238.1652
199750,-117.591
199800,310.5123
199850,-361.1229
199900,-138.6343
199950,49.8094
2e+05,10.8919
200050,-70.4332
200100,-113.4045
200150,-322.0236
200200,-251.3664
200250,-22.8317
200300,74.7799
200350,-23.0178
200400,-152.363
200450,-192.7581
200500,-90.1909
200550,5.2741
200600,-95.3867
200650,41.1203
200700,-36.6756
200750,-118.0628
200800,155.6489
200850,-144.486
200900,-54.8407
200950,35.2941
201000,-133.1991
201050,179.9689
201100,-274.0034
201150,-112.4252
201200,51.849
201250,-148.6704
201300,-350.8237
201350,-150.2462
201400,-155.9798
201450,-220.1833
201500,292.8546
201550,-668.7718
201600,176.0865
201650,-182.412
201700,80.2475
201750,-175.8695
201800,-63.5991
201850,-218.3351
201900,-224.7827
201950,-293.4951
202000,-243.3676
202050,-36.5253
202100,-352.5592
202150,279.6137
202200,-296.5021
202250,-36.2778
202300,-145.8077
202350,-169.4158
202400,-123.235
202450,33.366
202500,-117.7509
202550,-53.9915
202600,-212.9506
202650,323.5116
202700,-237.3131
202750,120.3563
202800,-116.4171
202850,0.8155
202900,127.3877
202950,151.5752
203000,-266.5601
203050,6.7164
203100,-46.251
203150,-127.7379
203200,-112.7641
203250,4.3097
203300,-242.0081
203350,96.6765
203400,-170.5053
203450,-34.4935
203500,-44.2124
203550,-296.3369
203600,242.682
203650,205.462
203700,-399.4131
203750,95.3164
203800,-50.5533
203850,-223.7712
203900,298.5314
203950,-337.4416
204000,-7.8213
204050,-234.5369
204100,146.6533
204150,-250.8221
204200,-344.2323
204250,84.6971
204300,67.2163
204350,145.7194
204400,-264.0398
204450,-368.9544
204500,-94.6064
204550,57.5713
204600,-362.7771
204650,-155.0456
204700,128.5979
204750,-215.0016
204800,-5.7374
204850,-109.7747
204900,-396.9834
204950,-124.803
205000,-304.2767
205050,-35.9139
205100,-76.9926
205150,70.3796
205200,-75.6591
205250,94.4058
205300,-56.4055
205350,-159.3297
205400,-112.1407
205450,-81.5091
205500,11.407
205550,-322.2063
205600,452.4952
205650,-65.8278
205700,84.859
205750,-269.8423
205800,271.2791
205850,-95.5218
205900,-251.3187
205950,-197.8297
206000,55.7325
206050,145.6645
206100,51.7698
206150,149.6192
206200,166.6294
206250,270.3298
206300,447.9198
206350,111.1325
206400,-103.5163
206450,-191.2401
206500,-222.4039
206550,152.6668
206600,-57.2069
206650,187.313
206700,-32.1842
206750,-168.1313
206800,-154.2603
206850,76.176
206900,137.6967
206950,247.5317
207000,-128.196
207050,-133.1412
207100,-123.9006
207150,-319.1968
207200,-24.3195
207250,-392.6972
207300,-150.9781
207350,-179.0014
207400,-34.1279
207450,95.4091
207500,-59.5447
207550,25.0995
207600,-271.8629
207650,33.2714
207700,-205.9891
207750,-121.1544
207800,-465.7393
207850,-308.3603
207900,-118.6028
207950,-53.124
208000,-124.6909
208050,215.514
208100,-122.1013
208150,-370.9773
208200,-77.3565
208250,-71.3949
208300,-533.4088
208350,-30.2457
208400,47.6733
208450,-229.0555
208500,-534.7572
208550,-62.5172
208600,-11.5017
208650,-212.1824
208700,79.3629
208750,-150.9651
208800,-328.4499
208850,-108.8326
208900,-195.573
208950,-313.0724
209000,151.0388
209050,-268.2065
209100,46.7209
209150,-201.6982
209200,-299.1585
209250,72.6597
209300,-155.5814
209350,-82.1401
209400,176.7079
209450,-63.4284
209500,-82.7581
209550,-238.9149
209600,-114.6263
209650,560.2088
209700,-164.3505
209750,-77.4819
209800,-69.727
209850,61.3703
209900,-78.5211
209950,-37.165
210000,-526.3405
210050,-203.3889
210100,-167.3148
210150,45.789
210200,160.3036
210250,-27.2531
210300,-173.4597
210350,-194.3761
210400,117.9915
210450,-182.7483
210500,-144.592
210550,-317.2072
210600,-43.0625
210650,-38.0445
210700,264.1914
210750,198.3868
210800,-31.1918
210850,236.0672
210900,-272.9384
210950,-249.9614
211000,59.2737
211050,43.7779
211100,-279.3288
211150,-199.6188
211200,-130.4636
211250,-95.7837
211300,39.4538
211350,-76.0642
211400,-439.5312
211450,-226.6558
211500,-139.355
211550,-159.1345
211600,302.8385
211650,-143.5075
211700,-18.3841
211750,-232.9244
211800,198.7822
211850,-277.5855
211900,125.1257
211950,536.6683
212000,75.2935
212050,-194.7552
212100,-180.4179
212150,-105.4968
212200,-57.844
212250,-296.6707
212300,110.169
212350,232.0225
212400,-277.2201
212450,-283.1496
212500,43.4672
212550,-314.266
212600,34.0895
212650,223.5123
212700,-89.8419
212750,-103.841
212800,-144.9407
212850,57.7724
212900,-184.6466
212950,99.6504
213000,-63.0981
213050,-259.6634
213100,163.5149
213150,-66.3982
213200,215.7994
213250,-100.1269
213300,-39.1608
213350,199.5885
213400,-170.1399
213450,-82.2964
213500,-114.7616
213550,140.9692
213600,172.2569
213650,169.3802
213700,0.6892
213750,-184.5535
213800,62.8357
213850,-143.7254
213900,88.1377
213950,-28.2529
214000,-165.3244
214050,124.4944
214100,-132.9877
214150,57.1107
214200,-373.5433
214250,-432.4806
214300,214.3253
214350,-106.9481
214400,-29.2787
214450,-99.6273
214500,-154.5046
214550,225.3763
214600,-51.9551
214650,-389.4153
214700,234.7721
214750,-100.9611
214800,8.4207
214850,72.7326
214900,-129.5084
214950,-228.7386
215000,-325.6728
215050,-38.7067
215100,99.4946
215150,88.9643
215200,-313.2208
215250,-150.6353
215300,177.3703
215350,66.1079
215400,107.3439
215450,295.0476
215500,238.3583
215550,8.3114
215600,292.9042
215650,-279.6356
215700,-27.1573
215750,-256.0263
215800,-252.7677
215850,86.4594
215900,13.2453
215950,-177.7694
216000,224.8932
216050,-234.3156
216100,-334.3383
216150,-101.3008
216200,-21.4746
216250,-176.7978
216300,-78.9825
216350,-459.9576
216400,-284.3597
216450,9.5339
216500,-173.5489
216550,28.07
216600,109.0798
216650,74.8562
216700,-149.9655
216750,366.6884
216800,-153.0581
216850,180.7125
216900,101.4898
216950,103.016
217000,-125.56
217050,130.3032
217100,9.6866
217150,97.0267
217200,42.3573
217250,-59.7717
217300,-221.362
217350,362.7271
217400,231.8513
217450,-41.3832
217500,79.0189
217550,142.519
217600,111.4924
217650,124.3653
217700,-385.5745
217750,84.0454
217800,43.8495
217850,-172.9812
217900,100.8201
217950,98.2944
218000,-104.564
218050,-191.7476
218100,3.2588
218150,-4.7513
218200,-101.5635
218250,52.8145
218300,-187.416
218350,-246.3913
218400,80.0539
218450,-359.8997
218500,93.3706
218550,-66.8958
218600,-295.4776
218650,47.5771
218700,29.5115
218750,-85.0211
218800,284.0089
218850,-24.016
218900,98.9312
218950,-261.3038
219000,146.9494
219050,99.2322
219100,-197.6694
219150,113.1276
219200,277.4321
219250,-39.9613
219300,476.9333
219350,226.5773
219400,-249.0667
219450,103.0814
219500,339.9858
219550,-67.7942
219600,-42.8351
219650,-127.0292
219700,38.2798
219750,133.7757
219800,-89.5934
219850,167.871
219900,123.3335
219950,-66.1022
220000,22.914
220050,250.8241
220100,-159.6817
220150,-40.9322
220200,-225.1311
220250,-40.2971
220300,-247.4358
220350,19.2667
220400,-74.755
220450,383.591
220500,-45.0931
220550,82.2233
220600,163.9769
220650,106.7322
220700,121.4788
220750,-169.3787
220800,-267.7472
220850,196.1854
220900,-357.0545
220950,70.1271
221000,-558.3534
221050,9.3299
221100,-154.532
221150,5.5165
221200,-79.0666
221250,235.8949
221300,-283.8707
221350,-647.2109
221400,187.8492
221450,-78.913
221500,-46.2243
221550,-135.4395
221600,77.146
221650,-45.8307
221700,205.936
221750,20.3711
221800,-7.7469
221850,66.1381
221900,-207.3641
221950,-87.0131
222000,-310.4991
222050,143.3762
222100,-245.0421
222150,78.8063
222200,-126.8305
222250,-378.2922
222300,-45.2072
222350,-5.6916
222400,80.061
222450,202.4051
222500,-385.934
222550,-85.8589
222600,-180.1265
222650,256.0624
222700,259.9013
222750,62.5172
222800,-145.2557
222850,-107.2731
222900,52.2181
222950,-56.6439
223000,-21.0791
223050,-58.4564
223100,-118.9498
223150,-34.9883
223200,33.6917
223250,99.144
223300,-23.1862
223350,-35.4889
223400,132.0268
223450,-14.8785
223500,99.4446
223550,36.0245
223600,228.9128
223650,-112.4499
223700,-24.9648
223750,29.8223
223800,-87.8642
223850,-146.0059
223900,98.0455
223950,-10.8005
224000,-266.8337
224050,333.3448
224100,201.1884
224150,-366.8323
224200,-309.5815
224250,56.2793
224300,-473.8175
224350,-9.8778
224400,108.8562
224450,-303.9226
224500,-142.6639
224550,-365.3449
224600,-17.7155
224650,-145.1015
224700,-113.373
224750,16.9739
224800,-127.7469
224850,-91.039
224900,-116.3776
224950,-133.4078
225000,-49.0611
225050,13.2002
225100,-149.8418
225150,-198.8667
225200,-540.6839
225250,250.4613
225300,113.9423
225350,34.2576
225400,-53.0516
225450,38.3962
225500,-30.0754
225550,-181.1156
225600,145.4182
225650,-80.1573
225700,-157.2427
225750,109.4864
225800,-303.4155
225850,-183.7823
225900,18.5877
225950,-189.8495
226000,-140.2309
226050,9.5137
226100,101.6267
226150,-227.82
226200,-21.7802
226250,196.9691
226300,429.3384
226350,211.8695
226400,-174.3226
226450,-309.0983
226500,-264.8773
226550,-199.5313
226600,73.859
226650,151.2097
226700,60.9662
226750,-452.8905
226800,418.7898
226850,-124.6486
226900,-538.097
226950,156.4217
227000,43.6041
227050,-372.2103
227100,0.4314
227150,24.5592
227200,-146.9664
227250,245.72
227300,-89.4886
227350,108.0952
227400,84.4599
227450,209.2086
227500,-202.0869
227550,-159.5547
227600,171.0497
227650,-64.7876
227700,38.4139
227750,-298.3475
227800,36.5362
227850,-154.5093
227900,83.5309
227950,-242.6177
228000,150.802
228050,29.9858
228100,-68.9437
228150,-199.1257
228200,218.5688
228250,99.9191
228300,-125.5695
228350,-311.876
228400,307.5452
228450,291.6012
228500,288.8948
228550,52.6311
228600,-148.8336
228650,-95.7583
228700,421.6133
228750,33.2635
228800,31.6073
228850,-44.8055
228900,-43.0312
228950,390.0112
229000,-306.003
229050,63.5106
229100,86.7648
229150,-1.7387
229200,-155.508
229250,-157.9617
229300,-516.8768
229350,166.999
229400,114.5887
229450,-88.3716
229500,-278.1539
229550,154.3801
229600,369.4308
229650,-347.2221
229700,41.1784
229750,263.9779
229800,-65.357
229850,-42.0252
229900,7.6366
229950,-129.0075
230000,-36.2993
230050,46.1265
230100,-64.946
230150,-170.406
230200,327.5388
230250,-173.0674
230300,-76.2313
230350,-309.2166
230400,-215.8523
230450,-59.1879
230500,-30.1266
230550,37.9311
230600,-187.5988
230650,163.1786
230700,130.51
230750,-96.4856
230800,-240.976
230850,154.7384
230900,-44.1723
230950,121.7768
231000,-103.5882
231050,114.2259
231100,-141.6268
231150,-240.0578
231200,-13.7198
231250,-171.1621
231300,-135.0379
231350,-43.566
231400,-270.4687
231450,-286.7451
231500,482.1741
231550,-39.5181
231600,150.1624
231650,286.1633
231700,0.3976
231750,-285.8208
231800,-86.4928
231850,74.6785
231900,66.7959
231950,24.0834
232000,-84.4455
232050,-106.9939
232100,35.3742
232150,-161.2194
232200,-266.4195
232250,-44.1493
232300,-260.5165
232350,189.2245
232400,38.9272
232450,42.7518
232500,21.873
232550,-145.0857
232600,512.91
232650,63.7075
232700,172.0098
232750,6.2001
232800,163.3117
232850,-279.4777
232900,-239.1845
232950,-189.9647
233000,69.0721
233050,-33.4372
233100,-307.4374
233150,211.6936
233200,-98.8207
233250,187.2241
233300,-319.0867
233350,-179.3539
233400,-161.1109
233450,96.2347
233500,-97.4772
233550,-197.548
233600,-52.5379
233650,129.9634
233700,15.165
233750,-208.6154
233800,327.5937
233850,145.8659
233900,-289.8219
233950,301.7393
234000,33.3668
234050,7.6534
234100,98.0183
234150,-554.1219
234200,-346.0151
234250,-146.5958
234300,-98.3916
234350,116.7283
234400,-122.5313
234450,21.9549
234500,-29.6908
234550,-157.2698
234600,-104.6174
234650,-164.2922
234700,-220.1673
234750,323.0059
234800,-187.8667
234850,-215.0516
234900,50.8098
234950,-154.7065
235000,-59.2761
235050,-68.7399
235100,-47.8356
235150,131.2211
235200,-52.2197
235250,306.8426
235300,-226.0697
235350,217.3664
235400,-302.8189
235450,-279.7044
235500,-187.8893
235550,-242.7009
235600,-57.5963
235650,-82.6635
235700,-300.2798
235750,177.1803
235800,-184.5099
235850,-21.7025
235900,227.6883
235950,-179.5243
236000,-86.0382
236050,-131.1333
236100,-377.0315
236150,-150.5594
236200,-365.3462
236250,-144.9684
236300,79.4533
236350,109.8698
236400,230.9794
236450,2.2306
236500,150.275
236550,-132.9841
236600,-115.6579
236650,28.6209
236700,102.7195
236750,97.7774
236800,-100.4955
236850,-172.6323
236900,132.5617
236950,-93.691
237000,-13.709
237050,203.4812
237100,-1.1134
237150,-162.3167
237200,-157.2514
237250,-85.0869
237300,73.0136
237350,92.7232
237400,-553.4767
237450,23.1697
237500,-216.0839
237550,-19.0019
237600,109.3402
237650,-142.7959
237700,-25.4805
237750,43.0353
237800,281.8396
237850,77.2456
237900,178.5391
237950,142.0905
238000,-143.4031
238050,14.116
238100,41.8858
238150,-132.18
238200,32.5303
238250,111.861
238300,-76.9931
238350,383.8778
238400,-62.1192
238450,-184.6354
238500,437.8002
238550,227.8716
238600,-522.394
238650,201.4334
238700,-0.755
238750,53.0581
238800,306.6641
238850,115.6518
238900,73.3976
238950,461.1985
239000,-257.222
239050,-154.9007
239100,-111.8373
239150,282.0957
239200,239.411
239250,-265.1748
239300,-204.1687
239350,103.4467
239400,-420.5899
239450,-94.5275
239500,694.8223
239550,-378.7027
239600,35.4579
239650,-162.5006
239700,-24.0567
239750,347.91
239800,-60.6102
239850,-131.3509
239900,-54.7916
239950,-217.083
240000,185.5395
240050,-119.7947
240100,-446.0626
240150,-104.3874
240200,-254.3617
240250,85.628
240300,-46.6552
240350,-64.2904
240400,-346.6662
240450,-49.5816
240500,-15.5411
240550,-546.0674
240600,233.8008
240650,-321.8303
240700,-37.9503
240750,192.2613
240800,-22.2267
240850,-88.6065
240900,12.5088
240950,33.7116
241000,-194.7468
241050,-733.7172
241100,33.1346
241150,-75.0693
241200,260.732
241250,61.9341
241300,191.6458
241350,218.061
241400,-26.397
241450,148.6565
241500,-132.1125
241550,-90.11
241600,-40.9134
241650,26.3698
241700,201.4405
241750,-25.4042
241800,-26.237
241850,-216.682
241900,164.5625
241950,-236.5799
242000,-206.2156
242050,128.703
242100,-216.7772
242150,-236.3163
242200,-145.7312
242250,-3.7417
242300,-106.9348
242350,243.145
242400,576.571
242450,-78.1348
242500,-122.0607
242550,11.137
242600,-294.8666
242650,-567.13
242700,-254.2458
242750,123.9632
242800,183.4463
242850,18.7642
242900,215.2279
242950,313.9313
243000,-297.9488
243050,78.3872
243100,136.2223
243150,-340.59
243200,-17.3399
243250,112.1625
243300,34.7821
243350,109.1364
243400,4.764
243450,175.9846
243500,346.3953
243550,-49.8357
243600,50.2021
243650,-170.9927
243700,-181.5169
243750,199.5552
243800,-126.5624
243850,94.577
243900,-483.648
243950,468.6824
244000,-212.1264
244050,124.6216
244100,137.261
244150,189.4107
244200,-105.3789
244250,-98.3349
244300,139.2566
244350,-101.551
244400,-333.1019
244450,84.524
244500,-315.5244
244550,-149.1959
244600,239.0934
244650,-99.2845
244700,-38.5388
244750,-104.9704
244800,-34.6988
244850,-289.4367
244900,-281.7698
244950,-70.7483
245000,-121.6283
245050,-149.892
245100,-96.9408
245150,-202.738
245200,-205.0022
245250,210.2139
245300,-605.0217
245350,61.7021
245400,-18.9886
245450,10.2061
245500,127.4985
245550,97.3236
245600,-227.3259
245650,69.2868
245700,342.4864
245750,-292.5437
245800,53.6205
245850,-105.795
245900,20.171
245950,-36.6016
246000,-226.4199
246050,-225.171
246100,150.7482
246150,-95.4245
246200,-37.9479
246250,-59.4341
246300,-155.7875
246350,-11.7957
246400,168.0114
246450,17.6758
246500,-83.5503
246550,-161.1788
246600,-54.9634
246650,-228.4464
246700,-28.2897
246750,-42.6425
246800,299.6293
246850,-250.6557
246900,206.66
246950,-289.4943
247000,17.8674
247050,-121.1131
247100,-8.6835
247150,-140.0255
247200,150.1264
247250,107.2355
247300,-299.7391
247350,-88.0079
247400,-176.83
247450,161.4112
247500,-257.9856
247550,189.914
247600,132.5602
247650,59.3904
247700,32.8145
247750,-94.9982
247800,22.6087
247850,153.459
247900,196.1503
247950,-98.7936
248000,101.714
248050,110.7791
248100,-269.78
248150,-63.8785
248200,193.4172
248250,16.9472
248300,16.5977
248350,-337.1338
248400,-192.912
248450,30.9833
248500,155.7433
248550,-52.9685
248600,-348.7281
248650,50.016
248700,-127.3008
248750,292.3902
248800,-32.0586
248850,146.0409
248900,9.344
248950,-97.7718
249000,121.7639
249050,-33.1809
249100,-186.6299
249150,341.503
249200,-157.6416
249250,-219.6928
249300,83.7267
249350,57.1496
249400,-133.9787
249450,-189.0747
249500,-120.8123
249550,-102.7136
249600,-252.4012
249650,16.9221
249700,-406.2615
249750,-71.3188
249800,192.0033
249850,-351.3179
249900,25.1797
249950,-71.7358
250000,-98.9568
